<?xml version="1.0" encoding="UTF-8"?>

<StructureDefinition xmlns="http://hl7.org/fhir">
  <id value="markdown"/>
  <text>
    <status value="generated"/>
    <div xmlns="http://www.w3.org/1999/xhtml">to do</div>
  </text>
  <url value="http://hl7.org/fhir/StructureDefinition/markdown"/>
  <name value="markdown"/>
  <status value="draft"/>
  <publisher value="HL7 FHIR Standard"/>
  <contact>
    <telecom>
      <system value="other"/>
      <value value="http://hl7.org/fhir"/>
    </telecom>
  </contact>
  <date value="2016-10-21T22:27:16+00:00"/>
  <description value="Base StructureDefinition for markdown type: A string that may contain markdown syntax for optional processing by a mark down presentation engine"/>
  <fhirVersion value="1.7.0"/>
  <kind value="primitive-type"/>
  <abstract value="false"/>
  <type value="markdown"/>
  <baseDefinition value="http://hl7.org/fhir/StructureDefinition/string"/>
  <derivation value="specialization"/>
  <snapshot>
    <element id="markdown">
      <path value="markdown"/>
      <short value="Primitive Type markdown"/>
      <definition value="A string that may contain markdown syntax for optional processing by a mark down presentation engine"/>
      <comments value="Systems are not required to have markdown support, and there is considerable variation in markdown syntax, so the text should be readable without markdown processing. The preferred markdown syntax is described here: http://daringfireball.net/projects/markdown/syntax (and tests here: http://daringfireball.net/projects/downloads/MarkdownTest_1.0.zip)"/>
      <min value="0"/>
      <max value="*"/>
      <base>
        <path value="markdown"/>
        <min value="0"/>
        <max value="*"/>
      </base>
      <constraint>
        <key value="ele-1"/>
        <severity value="error"/>
        <human value="All FHIR elements must have a @value or children"/>
        <expression value="children().count() &gt; id.count()"/>
        <xpath value="@value|f:*|h:div"/>
        <source value="Element"/>
      </constraint>
    </element>
    <element id="markdown.extension">
      <path value="markdown.extension"/>
      <short value="Additional Content defined by implementations"/>
      <definition value="May be used to represent additional information that is not part of the basic definition of the resource. In order to make the use of extensions safe and manageable, there is a strict set of governance  applied to the definition and use of extensions. Though any implementer is allowed to define an extension, there is a set of requirements that SHALL be met as part of the definition of the extension."/>
      <comments value="There can be no stigma associated with the use of extensions by any application, project, or standard - regardless of the institution or jurisdiction that uses or defines the extensions.  The use of extensions is what allows the FHIR specification to retain a core level of simplicity for everyone."/>
      <alias value="extensions"/>
      <alias value="user content"/>
      <min value="0"/>
      <max value="*"/>
      <base>
        <path value="Element.extension"/>
        <min value="0"/>
        <max value="*"/>
      </base>
      <type>
        <code value="Extension"/>
      </type>
    </element>
    <element id="markdown.value">
      <path value="markdown.value"/>
      <representation value="xmlAttr"/>
      <short value="Primitive value for markdown"/>
      <definition value="Primitive value for markdown"/>
      <min value="0"/>
      <max value="1"/>
      <base>
        <path value="string.value"/>
        <min value="0"/>
        <max value="1"/>
      </base>
    <!-- Note: primitive values do not have an assigned type. e.g. this is compiler magic. XML, JSON and RDF types provided by extension -->
      <type>
        <code>
          <extension url="http://hl7.org/fhir/StructureDefinition/structuredefinition-json-type">
            <valueString value="string"/>
          </extension>
          <extension url="http://hl7.org/fhir/StructureDefinition/structuredefinition-xml-type">
            <valueString value="xsd:string"/>
          </extension>
          <extension url="http://hl7.org/fhir/StructureDefinition/structuredefinition-rdf-type">
            <valueString value="xsd:string"/>
          </extension>
        </code>
      </type>
    </element>
  </snapshot>
  <differential>
    <element id="markdown">
      <path value="markdown"/>
      <short value="Primitive Type markdown"/>
      <definition value="A string that may contain markdown syntax for optional processing by a mark down presentation engine"/>
      <comments value="Systems are not required to have markdown support, and there is considerable variation in markdown syntax, so the text should be readable without markdown processing. The preferred markdown syntax is described here: http://daringfireball.net/projects/markdown/syntax (and tests here: http://daringfireball.net/projects/downloads/MarkdownTest_1.0.zip)"/>
      <min value="0"/>
      <max value="*"/>
    </element>
    <element id="markdown.value">
      <path value="markdown.value"/>
      <representation value="xmlAttr"/>
      <short value="Primitive value for markdown"/>
      <definition value="Primitive value for markdown"/>
      <min value="0"/>
      <max value="1"/>
    <!-- Note: primitive values do not have an assigned type. e.g. this is compiler magic. XML, JSON and RDF types provided by extension -->
      <type>
        <code>
          <extension url="http://hl7.org/fhir/StructureDefinition/structuredefinition-json-type">
            <valueString value="string"/>
          </extension>
          <extension url="http://hl7.org/fhir/StructureDefinition/structuredefinition-xml-type">
            <valueString value="xsd:string"/>
          </extension>
          <extension url="http://hl7.org/fhir/StructureDefinition/structuredefinition-rdf-type">
            <valueString value="xsd:string"/>
          </extension>
        </code>
      </type>
    </element>
  </differential>
</StructureDefinition>