<?xml version="1.0" encoding="UTF-8"?><MedicationDispense xmlns="http://hl7.org/fhir">
    <id value="meddisp0312"/>
    <text><status value="generated"/><div xmlns="http://www.w3.org/1999/xhtml"><p><b>Generated Narrative with Details</b></p><p><b>id</b>: meddisp0312</p><p><b>contained</b>: </p><p><b>status</b>: on-hold</p><p><b>medication</b>: Tylenol PM. Generated Summary: id: med0309; Tylenol PM <span>(Details : {http://hl7.org/fhir/sid/ndc code &#39;50580-506-02&#39; = &#39;50580-506-02&#39;, given as &#39;Tylenol PM&#39;})</span></p><p><b>patient</b>: <a>Donald Duck</a></p><p><b>dispenser</b>: <a>Rob van den Berk</a></p><p><b>authorizingPrescription</b>: <a>MedicationOrder/medrx0310</a></p><p><b>type</b>: First Fill <span>(Details : {http://hl7.org/fhir/ValueSet/v3-ActPharmacySupplyType code &#39;FF&#39; = &#39;FF&#39;, given as &#39;First Fill&#39;})</span></p><p><b>quantity</b>: 100 TAB<span> (Details: http://hl7.org/fhir/ValueSet/v3-orderableDrugForm/ code TAB = &#39;TAB&#39;)</span></p><p><b>daysSupply</b>: 30 Day<span> (Details: UCUM code d = &#39;d&#39;)</span></p><p><b>whenPrepared</b>: Jan 15, 2015 10:20:00 AM</p><p><b>whenHandedOver</b>: Jan 15, 2015 4:20:00 PM</p><p><b>dosageInstruction</b>: </p></div></text><contained>
        <Medication>
            <id value="med0309"/>
            <code>
                <coding>
                    <system value="http://hl7.org/fhir/sid/ndc"/>
                    <code value="50580-506-02"/>
                    <display value="Tylenol PM"/>
                </coding>
            </code>
        </Medication>
    </contained>
    <status value="on-hold"/>
    <medicationReference>
        <!--   Linked to a RESOURCE Medication   -->
        <reference value="#med0309"/>
        <display value="Tylenol PM"/>
    </medicationReference>
    <patient>
        <reference value="Patient/pat1"/>
        <display value="Donald Duck"/>
    </patient>
    <dispenser>
        <reference value="Practitioner/f006"/>
        <display value="Rob van den Berk"/>
    </dispenser>
    <authorizingPrescription>
        <reference value="MedicationOrder/medrx0310"/>
    </authorizingPrescription>
    <type>
        <coding>
            <system value="http://hl7.org/fhir/ValueSet/v3-ActPharmacySupplyType"/>
            <code value="FF"/>
            <display value="First Fill"/>
        </coding>
    </type>
    <quantity>
        <value value="100"/>
        <system value="http://hl7.org/fhir/ValueSet/v3-orderableDrugForm/"/>
        <code value="TAB"/>
    </quantity>
    <daysSupply>
        <value value="30"/>
        <unit value="Day"/>
        <system value="http://unitsofmeasure.org"/>
        <code value="d"/>
    </daysSupply>
    <whenPrepared value="2015-01-15T10:20:00Z"/>
    <whenHandedOver value="2015-01-15T16:20:00Z"/>
    <dosageInstruction>
        <sequence value="1"/>
        <text value="Take 1-2 tablets once daily at bedtime as needed for restless legs"/>
        <additionalInstructions>
            <text value="Take at bedtime"/>
        </additionalInstructions>
        <timing>
            <repeat>
                <frequency value="1"/>
                <period value="1"/>
                <periodUnit value="d"/>
            </repeat>
        </timing>
        <asNeededCodeableConcept>
            <coding>
                <system value="http://snomed.info/sct"/>
                <code value="32914008"/>
                <display value="Restless Legs"/>
            </coding>
        </asNeededCodeableConcept>
        <route>
            <coding>
                <system value="http://snomed.info/sct"/>
                <code value="26643006"/>
                <display value="Oral Route"/>
            </coding>
        </route>
        <doseRange>
            <low>
                <value value="1"/>
                <unit value="TAB"/>
                <system value="http://hl7.org/fhir/ValueSet/v3-orderableDrugForm"/>
                <code value="TAB"/>
            </low>
            <high>
                <value value="2"/>
                <unit value="TAB"/>
                <system value="http://hl7.org/fhir/ValueSet/v3-orderableDrugForm"/>
                <code value="TAB"/>
            </high>
        </doseRange>
    </dosageInstruction>
</MedicationDispense>