<?xml version="1.0" encoding="UTF-8"?><MedicationStatement xmlns="http://hl7.org/fhir">
  <id value="example004"/>
  <text><status value="generated"/><div xmlns="http://www.w3.org/1999/xhtml"><p><b>Generated Narrative with Details</b></p><p><b>id</b>: example004</p><p><b>status</b>: completed</p><p><b>medication</b>: Amoxicillin (product) <span>(Details : {SNOMED CT code &#39;27658006&#39; = &#39;Amoxicillin (product)&#39;, given as &#39;Amoxicillin (product)&#39;})</span></p><p><b>patient</b>: <a>Donald Duck</a></p><p><b>effective</b>: Jan 23, 2014</p><p><b>informationSource</b>: <a>Donald Duck</a></p><p><b>dateAsserted</b>: Feb 22, 2015</p><p><b>notTaken</b>: N</p><p><b>reasonForUseCode</b>: Otitis Media <span>(Details : {SNOMED CT code &#39;65363002&#39; = &#39;Otitis media (disorder)&#39;, given as &#39;Otitis Media&#39;})</span></p><p><b>note</b>: Patient indicates they miss the occasional dose</p><p><b>dosage</b>: </p></div></text><status value="completed"/>  
  <medicationCodeableConcept>
    <coding>
      <system value="http://snomed.info/sct"/>
      <code value="27658006"/>
      <display value="Amoxicillin (product)"/>
    </coding>
  </medicationCodeableConcept>
  <patient>
    <reference value="Patient/pat1"/>
    <display value="Donald Duck"/> 
  </patient>
  <effectiveDateTime value="2014-01-23"/>
  <informationSource>
    <reference value="Patient/pat1"/>
    <display value="Donald Duck"/> 
  </informationSource>
  <dateAsserted value="2015-02-22"/>
  <notTaken value="N"/>
  <reasonForUseCode>
    <coding>
      <system value="http://snomed.info/sct"/>
      <code value="65363002"/>
      <display value="Otitis Media"/>
    </coding>
  </reasonForUseCode>
  <note>
    <text value="Patient indicates they miss the occasional dose"/>
  </note>
  <dosage>
    <text value="one capsule three times daily"/>
    <timing>
      <repeat>
        <frequency value="3"/>
        <period value="1"/>
        <periodUnit value="d"/>
      </repeat>
    </timing>
    <asNeededBoolean value="false"/>
    <route>
      <coding>
        <system value="http://snomed.info/sct"/>
        <code value="260548002"/>
        <display value="Oral"/>
      </coding>
    </route>
    <maxDosePerPeriod>
      <numerator>
        <value value="3"/>
        <unit value="capsules"/>
        <system value="http://snomed.info/sct"/>
        <code value="385055001"/>
      </numerator>
      <denominator>
        <value value="1"/>
        <system value="http://unitsofmeasure.org"/>
        <code value="d"/>
      </denominator>
    </maxDosePerPeriod>
  </dosage>
</MedicationStatement>