<?xml version="1.0" encoding="UTF-8"?><MedicationDispense xmlns="http://hl7.org/fhir">
	<id value="meddisp008"/>
	<text><status value="generated"/><div xmlns="http://www.w3.org/1999/xhtml"><p><b>Generated Narrative with Details</b></p><p><b>id</b>: meddisp008</p><p><b>contained</b>: </p><p><b>status</b>: completed</p><p><b>medication</b>: id: medexample015; Capecitabine 500mg oral tablet (Xeloda) <span>(Details : {RxNorm code &#39;213293&#39; = &#39;213293&#39;, given as &#39;Capecitabine 500mg oral tablet (Xeloda)&#39;})</span>; isBrand</p><p><b>patient</b>: <a>Donald Duck</a></p><p><b>dispenser</b>: <a>Rob van den Berk</a></p><p><b>authorizingPrescription</b>: <a>MedicationOrder/medrx0309</a></p><p><b>dosageInstruction</b>: </p></div></text><contained>
		<Medication>
			<id value="medexample015"/>
		<code>
			<coding>
				<system value="http://www.nlm.nih.gov/research/umls/rxnorm"/>
				<code value="213293"/>
				<display value="Capecitabine 500mg oral tablet (Xeloda)"/>
			</coding>
		</code>
		<isBrand value="true"/>
		</Medication>
	</contained>
	<status value="completed"/>
	<medicationReference>
		<reference value="#medexample015"/>
	</medicationReference>
	<patient>
		<reference value="Patient/pat1"/>
		<display value="Donald Duck"/> 
	</patient>
	<dispenser>
		<reference value="Practitioner/f006"/>
		<display value="Rob van den Berk"/>
	</dispenser>
	<authorizingPrescription>
		<reference value="MedicationOrder/medrx0309"/>
	</authorizingPrescription>
		<dosageInstruction>
			<sequence value="1"/>
		<timing>
			<repeat>
				<frequency value="2"/>
				<period value="21"/>
				<periodUnit value="d"/>
			</repeat>
		</timing>
		<route>
			<coding>
				<system value="http://snomed.info/sct"/>
				<code value="394899003"/>
				<display value="oral administration of treatment"/>
			</coding>
		</route>
		<doseQuantity>
			<value value="500"/>
			<unit value="mg"/>
			<system value="http://unitsofmeasure.org"/>
			<code value="mg"/>
		</doseQuantity>
	</dosageInstruction>
</MedicationDispense>