<?xml version="1.0" encoding="UTF-8"?><MedicationDispense xmlns="http://hl7.org/fhir">
    <id value="meddisp0328"/>
    <text><status value="generated"/><div xmlns="http://www.w3.org/1999/xhtml"><p><b>Generated Narrative with Details</b></p><p><b>id</b>: meddisp0328</p><p><b>status</b>: in-progress</p><p><b>medication</b>: Nasonex 0.05mg/ACTUAT Nasal Inhaler <span>(Details : {RxNorm code &#39;746201&#39; = &#39;746201&#39;, given as &#39;Nasonex 0.05mg/ACTUAT Nasal Inhaler&#39;})</span></p><p><b>patient</b>: <a>Donald Duck</a></p><p><b>dispenser</b>: <a>Rob van den Berk</a></p><p><b>authorizingPrescription</b>: <a>MedicationOrder/medrx0321</a></p><p><b>type</b>: emergency Fill <span>(Details : {http://hl7.org/fhir/v3/ActPharmacySupplyType code &#39;EF&#39; = &#39;EF&#39;, given as &#39;emergency Fill&#39;})</span></p><p><b>quantity</b>: 30 ml<span> (Details: UCUM code ml = &#39;ml&#39;)</span></p><p><b>daysSupply</b>: 30 Day<span> (Details: UCUM code d = &#39;d&#39;)</span></p><p><b>whenPrepared</b>: Jan 15, 2015 10:20:00 AM</p><p><b>dosageInstruction</b>: </p></div></text><status value="in-progress"/>
    <medicationCodeableConcept>
        <coding>
            <system value="http://www.nlm.nih.gov/research/umls/rxnorm"/>
            <code value="746201"/>
            <display value="Nasonex 0.05mg/ACTUAT Nasal Inhaler"/>
        </coding>
    </medicationCodeableConcept>
    <patient>
        <reference value="Patient/pat1"/>
        <display value="Donald Duck"/>
    </patient>
    <dispenser>
        <reference value="Practitioner/f006"/>
        <display value="Rob van den Berk"/>
    </dispenser>
    <authorizingPrescription>
        <reference value="MedicationOrder/medrx0321"/>
    </authorizingPrescription>
    <type>
        <coding>
            <system value="http://hl7.org/fhir/v3/ActPharmacySupplyType"/>
            <code value="EF"/>
            <display value="emergency Fill"/>
        </coding>
    </type>
    <quantity>
        <value value="30"/>
        <system value="http://unitsofmeasure.org"/>
        <code value="ml"/>
    </quantity>
    <daysSupply>
        <value value="30"/>
        <unit value="Day"/>
        <system value="http://unitsofmeasure.org"/>
        <code value="d"/>
    </daysSupply>
    <whenPrepared value="2015-01-15T10:20:00Z"/>
    <dosageInstruction>
        <sequence value="1"/>
        <text value="Use two sprays twice daily"/>
        <additionalInstructions>
            <text value="Shake Well"/>
        </additionalInstructions>
        <timing>
            <repeat>
                <frequency value="2"/>
                <period value="1"/>
                <periodUnit value="d"/>
            </repeat>
        </timing>
        <doseQuantity>
            <value value="1"/>
            <unit value="ea"/>
            <system value="http://unitsofmeasure.org"/>
            <code value="ea"/>
        </doseQuantity>
    </dosageInstruction>
</MedicationDispense>