<?xml version="1.0" encoding="UTF-8"?><MedicationOrder xmlns="http://hl7.org/fhir">
  <id value="medrx0320"/>
    <text><status value="generated"/><div xmlns="http://www.w3.org/1999/xhtml"><p><b>Generated Narrative with Details</b></p><p><b>id</b>: medrx0320</p><p><b>identifier</b>: 12345689 (OFFICIAL)</p><p><b>status</b>: completed</p><p><b>medication</b>: Lantus 100 unit/ml injectable solution <span>(Details : {RxNorm code &#39;285018&#39; = &#39;285018&#39;, given as &#39;Lantus 100 unit/ml injectable solution&#39;})</span></p><p><b>patient</b>: <a>Donald Duck</a></p><p><b>dateWritten</b>: Jan 15, 2015</p><p><b>prescriber</b>: <a>Patrick Pump</a></p><p><b>reasonCode</b>: On subcutaneous insulin for diabetes mellitus (finding) <span>(Details : {SNOMED CT code &#39;473189005&#39; = &#39;On subcutaneous insulin for diabetes mellitus&#39;, given as &#39;On subcutaneous insulin for diabetes mellitus (finding)&#39;})</span></p><p><b>dosageInstruction</b>: </p><h3>DispenseRequests</h3><table><tr><td>-</td><td><b>ValidityPeriod</b></td><td><b>NumberOfRepeatsAllowed</b></td><td><b>Quantity</b></td><td><b>ExpectedSupplyDuration</b></td></tr><tr><td>*</td><td>Jan 15, 2015 --&gt; Jan 15, 2016</td><td>6</td><td>10 mL<span> (Details: UCUM code mL = &#39;mL&#39;)</span></td><td>30 days<span> (Details: UCUM code d = &#39;d&#39;)</span></td></tr></table></div></text><identifier>
        <use value="official"/>
        <system value="http://www.bmc.nl/portal/prescriptions"/>
        <value value="12345689"/>
    </identifier>
    <status value="completed"/>
    <medicationCodeableConcept>
        <coding>
            <system value="http://www.nlm.nih.gov/research/umls/rxnorm"/>
            <code value="285018"/>
            <display value="Lantus 100 unit/ml injectable solution"/>
        </coding>
    </medicationCodeableConcept>
    <patient> <!--   Linked to the resource patient who needs the medication   -->
        <reference value="Patient/pat1"/>
        <display value="Donald Duck"/>         
    </patient>
    <dateWritten value="2015-01-15"/>
    <prescriber> <!--   Linked to the practitioner who treats patient   -->
        <reference value="Practitioner/f007"/>
        <display value="Patrick Pump"/>
    </prescriber>
    <reasonCode>
        <coding>
            <system value="http://snomed.info/sct"/>
            <code value="473189005"/>
            <display value="On subcutaneous insulin for diabetes mellitus (finding)"/>
        </coding>
    </reasonCode>
    <dosageInstruction>
        <sequence value="1"/>
        <text value="20 Units SC three times daily"/>
        <timing>
            <repeat>
                <frequency value="3"/>
                <period value="1"/>
                <periodUnit value="d"/>
            </repeat>
        </timing>
        <route>
            <coding>
                <system value="http://snomed.info/sct"/>
                <code value="263887005"/>
                <display value="Subcutaneous (qualifier value)"/>
            </coding>
        </route>
        <doseQuantity>
            <value value="20"/>
            <unit value="U"/>
            <system value="http://unitsofmeasure.org"/>
            <code value="U"/>
        </doseQuantity>
    </dosageInstruction> 
    <dispenseRequest>
        <validityPeriod>
            <start value="2015-01-15"/>
            <end value="2016-01-15"/> 
        </validityPeriod>
        <numberOfRepeatsAllowed value="6"/>
        <quantity>
            <value value="10"/>
            <unit value="mL"/>
            <system value="http://unitsofmeasure.org"/>
            <code value="mL"/> 
        </quantity>
        <expectedSupplyDuration>
            <value value="30"/>
            <unit value="days"/>
            <system value="http://unitsofmeasure.org"/>
            <code value="d"/>
        </expectedSupplyDuration>
    </dispenseRequest>
</MedicationOrder>