<?xml version="1.0" encoding="UTF-8"?><MedicationOrder xmlns="http://hl7.org/fhir">
    <id value="medrx0327"/>
    <text><status value="generated"/><div xmlns="http://www.w3.org/1999/xhtml"><p><b>Generated Narrative with Details</b></p><p><b>id</b>: medrx0327</p><p><b>identifier</b>: 12345689 (OFFICIAL)</p><p><b>status</b>: active</p><p><b>medication</b>: Fentanyl 25micrograms/hour patch (product) <span>(Details : {SNOMED CT code &#39;333919005&#39; = &#39;Fentanyl 25micrograms/hour patch (product)&#39;, given as &#39;Fentanyl 25micrograms/hour patch (product)&#39;})</span></p><p><b>patient</b>: <a>Donald Duck</a></p><p><b>dateWritten</b>: Jan 15, 2015</p><p><b>prescriber</b>: <a>Patrick Pump</a></p><p><b>dosageInstruction</b>: </p><h3>DispenseRequests</h3><table><tr><td>-</td><td><b>ValidityPeriod</b></td><td><b>Quantity</b></td><td><b>ExpectedSupplyDuration</b></td></tr><tr><td>*</td><td>Jan 15, 2015 --&gt; Jan 15, 2016</td><td>6 patch<span> (Details: http://hl7.org/fhir/v3/orderableDrugForm code patch = &#39;patch&#39;)</span></td><td>14 days<span> (Details: UCUM code d = &#39;d&#39;)</span></td></tr></table></div></text><identifier>
        <use value="official"/>
        <system value="http://www.bmc.nl/portal/prescriptions"/>
        <value value="12345689"/>
    </identifier>
    <status value="active"/>
    <medicationCodeableConcept>
        <coding>
            <system value="http://snomed.info/sct"/>
            <code value="333919005"/>
            <display value="Fentanyl 25micrograms/hour patch (product)"/>
        </coding>
    </medicationCodeableConcept>
    <patient>
        <!--   Linked to the resource patient who needs the medication   -->
        <reference value="Patient/pat1"/>
        <display value="Donald Duck"/>   
    </patient>
    <dateWritten value="2015-01-15"/>
    <prescriber>
        <!--   Linked to the practitioner who treats patient   -->
        <reference value="Practitioner/f007"/>
        <display value="Patrick Pump"/>
    </prescriber>
    <dosageInstruction>
        <sequence value="1"/>
        <text value="apply one patch three times per week"/>
        <timing>
            <repeat>
                <frequency value="3"/>
                <period value="1"/>
                <periodUnit value="wk"/>
            </repeat>
        </timing>
        <doseQuantity>
            <value value="1"/>
            <unit value="patch"/>
            <system value="http://hl7.org/fhir/v3/orderableDrugForm"/>
            <code value="patch"/>
        </doseQuantity>
    </dosageInstruction>
    <dispenseRequest>
        <validityPeriod>
            <start value="2015-01-15"/>
            <end value="2016-01-15"/>
        </validityPeriod>
        <quantity>
            <value value="6"/>
            <unit value="patch"/>
            <system value="http://hl7.org/fhir/v3/orderableDrugForm"/>
            <code value="patch"/>
        </quantity>
        <expectedSupplyDuration>
            <value value="14"/>
            <unit value="days"/>
            <system value="http://unitsofmeasure.org"/>
            <code value="d"/> 
        </expectedSupplyDuration>
    </dispenseRequest>   
</MedicationOrder>