<?xml version="1.0" encoding="UTF-8"?><MedicationAdministration xmlns="http://hl7.org/fhir"> 
  <id value="medadmin0307"/>
  <text><status value="generated"/><div xmlns="http://www.w3.org/1999/xhtml"><p><b>Generated Narrative with Details</b></p><p><b>id</b>: medadmin0307</p><p><b>contained</b>: </p><p><b>status</b>: completed</p><p><b>medication</b>: id: med0313; Lorazepam 2mg/ml injection solution 1ml vial (product) <span>(Details : {SNOMED CT code &#39;400621001&#39; = &#39;Lorazepam 2mg/mL injection solution 1mL vial (product)&#39;, given as &#39;Lorazepam 2mg/ml injection solution 1ml vial (product)&#39;})</span>; </p><p><b>patient</b>: <a>Donald Duck</a></p><p><b>encounter</b>: <a>encounter who leads to this prescription</a></p><p><b>effectiveTime</b>: Jan 15, 2015 4:30:00 AM --&gt; Jan 15, 2015 2:30:00 PM</p><p><b>performer</b>: <a>Patrick Pump</a></p><p><b>prescription</b>: <a>MedicationOrder/medrx0315</a></p><p><b>device</b>: <a>Device/f001</a></p><h3>Dosages</h3><table><tr><td>-</td><td><b>Text</b></td><td><b>Route</b></td><td><b>Method</b></td><td><b>Dose</b></td><td><b>Rate[x]</b></td></tr><tr><td>*</td><td>0.05 - 0.1mg/kg IV over 2-5 minutes every 15 minutes as needed</td><td>Intravenous <span>(Details : {SNOMED CT code &#39;255560000&#39; = &#39;Intravenous (qualifier value)&#39;, given as &#39;Intravenous&#39;})</span></td><td>Push - dosing instruction imperative (qualifier value) <span>(Details : {SNOMED CT code &#39;420620005&#39; = &#39;Push - dosing instruction imperative (qualifier value)&#39;, given as &#39;Push - dosing instruction imperative (qualifier value)&#39;})</span></td><td>7 mg<span> (Details: UCUM code mg = &#39;mg&#39;)</span></td><td>4 min<span> (Details: UCUM code min = &#39;min&#39;)</span></td></tr></table></div></text><contained>
    <Medication>
      <id value="med0313"/>
      <code>
        <coding>
          <system value="http://snomed.info/sct"/>
          <code value="400621001"/>
          <display value="Lorazepam 2mg/ml injection solution 1ml vial (product)"/>
        </coding>
      </code>
      <isBrand value="false"/>
      <product>
        <form>
          <coding>
            <system value="http://snomed.info/sct"/>
            <code value="385219001"/>
            <display value="Injection solution (qualifier value)"/>
          </coding>
        </form>
        <ingredient>
          <itemCodeableConcept>
            <coding>
              <system value="http://snomed.info/sct"/>
              <code value="387106007"/>
              <display value="Lorazepam (substance)"/>
            </coding>
          </itemCodeableConcept>
          <amount>
            <numerator>
              <value value="2"/>
              <system value="http://unitsofmeasure.org"/>
              <code value="mg"/>
            </numerator>
            <denominator>
              <value value="1"/>
              <system value="http://unitsofmeasure.org"/>
              <code value="mL"/>
            </denominator>
          </amount>
        </ingredient>
      </product>
    </Medication>
  </contained>
  <status value="completed"/>
  <medicationReference>
    <reference value="#med0313"/> 
  </medicationReference>
 <patient>
   <reference value="Patient/pat1"/>
   <display value="Donald Duck"/> 
  </patient>
  <encounter> 
    <reference value="Encounter/f001"/>
    <display value="encounter who leads to this prescription"/>
  </encounter>
 <effectiveTimePeriod>
  <start value="2015-01-15T04:30:00+01:00"/>
   <end value="2015-01-15T14:30:00+01:00"/>
</effectiveTimePeriod>
  <performer>
    <reference value="Practitioner/f007"/>
    <display value="Patrick Pump"/>
  </performer>
  <prescription>
    <reference value="MedicationOrder/medrx0315"/>
  </prescription>
  <device>
    <reference value="Device/f001"/>
  </device>
  <dosage>
    <text value="0.05 - 0.1mg/kg IV over 2-5 minutes every 15 minutes as needed"/>
    <route>
      <coding>
        <system value="http://snomed.info/sct"/>
        <code value="255560000"/>
        <display value="Intravenous"/>
      </coding>
    </route>
    <method>
      <coding>
        <system value="http://snomed.info/sct"/>
        <code value="420620005"/>
        <display value="Push - dosing instruction imperative (qualifier value)"/>
      </coding>
    </method>
    <dose>
      <value value="7"/>
      <unit value="mg"/>
      <system value="http://unitsofmeasure.org"/>
      <code value="mg"/>
    </dose>
    <rateQuantity>
      <value value="4"/>
      <unit value="min"/>
      <system value="http://unitsofmeasure.org"/>
      <code value="min"/>
    </rateQuantity>
  </dosage>
</MedicationAdministration>