<?xml version="1.0" encoding="UTF-8"?><MedicationAdministration xmlns="http://hl7.org/fhir"> 
  <id value="medadmin0301"/>
  <text><status value="generated"/><div xmlns="http://www.w3.org/1999/xhtml"><p><b>Generated Narrative with Details</b></p><p><b>id</b>: medadmin0301</p><p><b>contained</b>: </p><p><b>status</b>: in-progress</p><p><b>medication</b>: id: med0301; Vancomycin Hydrochloride (VANCOMYCIN HYDROCHLORIDE) <span>(Details : {http://hl7.org/fhir/sid/ndc code &#39;0069-2587-10&#39; = &#39;0069-2587-10&#39;, given as &#39;Vancomycin Hydrochloride (VANCOMYCIN HYDROCHLORIDE)&#39;})</span></p><p><b>patient</b>: <a>Donald Duck</a></p><p><b>encounter</b>: <a>encounter who leads to this prescription</a></p><p><b>effectiveTime</b>: Jan 15, 2015 2:30:00 PM --&gt; (ongoing)</p><p><b>performer</b>: <a>Patrick Pump</a></p><p><b>prescription</b>: <a>MedicationOrder/medrx0318</a></p><p><b>reasonGiven</b>: Given as Ordered <span>(Details : {http://hl7.org/fhir/reason-medication-given code &#39;b&#39; = &#39;Given as Ordered&#39;, given as &#39;Given as Ordered&#39;})</span></p><h3>Dosages</h3><table><tr><td>-</td><td><b>Text</b></td><td><b>Route</b></td><td><b>Method</b></td><td><b>Dose</b></td></tr><tr><td>*</td><td>500mg IV q6h x 3 days</td><td>Intravenous route (qualifier value) <span>(Details : {SNOMED CT code &#39;47625008&#39; = &#39;Intravenous route (qualifier value)&#39;, given as &#39;Intravenous route (qualifier value)&#39;})</span></td><td>IV Push <span>(Details )</span></td><td>500 mg<span> (Details: UCUM code mg = &#39;mg&#39;)</span></td></tr></table></div></text><contained>
    <Medication>
      <id value="med0301"/>
      <code>
        <coding>
          <system value="http://hl7.org/fhir/sid/ndc"/>
          <code value="0069-2587-10"/>
          <display value="Vancomycin Hydrochloride (VANCOMYCIN HYDROCHLORIDE)"/>
        </coding>
      </code>
    </Medication>
  </contained>
  <status value="in-progress"/>
  <medicationReference>
    <reference value="#med0301"/> 
  </medicationReference>
 <patient>
   <reference value="Patient/pat1"/>
   <display value="Donald Duck"/> 
  </patient>
  <encounter> 
    <reference value="Encounter/f001"/>
    <display value="encounter who leads to this prescription"/>
  </encounter>
 <effectiveTimePeriod>
  <start value="2015-01-15T14:30:00+01:00"/>
</effectiveTimePeriod>
  <performer>
    <reference value="Practitioner/f007"/>
    <display value="Patrick Pump"/>
  </performer>
  <prescription>
    <reference value="MedicationOrder/medrx0318"/>
  </prescription>
  <reasonGiven>
    <coding>
      <system value="http://hl7.org/fhir/reason-medication-given"/>
      <code value="b"/>
      <display value="Given as Ordered"/>
    </coding>
  </reasonGiven>
  <dosage>
    <text value="500mg IV q6h x 3 days"/>
    <route>
      <coding>
        <system value="http://snomed.info/sct"/>
        <code value="47625008"/>
        <display value="Intravenous route (qualifier value)"/>
      </coding>
    </route>
    <method>
      <text value="IV Push"/>
    </method>
    <dose>
      <value value="500"/>
      <unit value="mg"/>
      <system value="http://unitsofmeasure.org"/>
      <code value="mg"/>
    </dose>
  </dosage>
</MedicationAdministration>