<?xml version="1.0" encoding="UTF-8"?><MedicationAdministration xmlns="http://hl7.org/fhir"> 
  <id value="medadmin0303"/>
  <text><status value="generated"/><div xmlns="http://www.w3.org/1999/xhtml"><p><b>Generated Narrative with Details</b></p><p><b>id</b>: medadmin0303</p><p><b>contained</b>: </p><p><b>status</b>: entered-in-error</p><p><b>medication</b>: id: med0303; Zosyn (piperacillin/tazobactam) 4.5gm injection <span>(Details : {http://hl7.org/fhir/sid/ndc code &#39;0206-8862-02&#39; = &#39;0206-8862-02&#39;, given as &#39;Zosyn (piperacillin/tazobactam) 4.5gm injection&#39;})</span></p><p><b>patient</b>: <a>Donald Duck</a></p><p><b>encounter</b>: <a>encounter who leads to this prescription</a></p><p><b>effectiveTime</b>: Jan 15, 2015 4:30:00 AM --&gt; Jan 15, 2015 2:30:00 PM</p><p><b>performer</b>: <a>Patrick Pump</a></p><p><b>prescription</b>: <a>MedicationOrder/medrx0319</a></p><h3>Dosages</h3><table><tr><td>-</td><td><b>Text</b></td><td><b>Route</b></td><td><b>Dose</b></td><td><b>Rate[x]</b></td></tr><tr><td>*</td><td>4.5 grams in D5W 250 ml. IV every 6 hours. Infuse over 30 min at 8L/min </td><td>Intravenous route (qualifier value) <span>(Details : {SNOMED CT code &#39;47625008&#39; = &#39;Intravenous route (qualifier value)&#39;, given as &#39;Intravenous route (qualifier value)&#39;})</span></td><td>4.5 g<span> (Details: UCUM code g = &#39;g&#39;)</span></td><td>8 ml<span> (Details: UCUM code ml = &#39;ml&#39;)</span>/1 min<span> (Details: UCUM code min = &#39;min&#39;)</span></td></tr></table></div></text><contained>
      <Medication>
        <id value="med0303"/>
        <code>
          <coding>
            <system value="http://hl7.org/fhir/sid/ndc"/>
            <code value="0206-8862-02"/>
            <display value="Zosyn (piperacillin/tazobactam) 4.5gm injection"/>
          </coding>
        </code>
      </Medication>
  </contained>
  <status value="entered-in-error"/>
  <medicationReference>
    <reference value="#med0303"/> 
  </medicationReference>
 <patient>
   <reference value="Patient/pat1"/>
   <display value="Donald Duck"/> 
  </patient>
  <encounter> 
    <reference value="Encounter/f001"/>
    <display value="encounter who leads to this prescription"/>
  </encounter>
 <effectiveTimePeriod>
  <start value="2015-01-15T04:30:00+01:00"/>
   <end value="2015-01-15T14:30:00+01:00"/>
</effectiveTimePeriod>
  <performer>
    <reference value="Practitioner/f007"/>
    <display value="Patrick Pump"/>
  </performer>
  <prescription>
    <reference value="MedicationOrder/medrx0319"/>
  </prescription>
  <dosage>
    <text value="4.5 grams in D5W 250 ml. IV every 6 hours. Infuse over 30 min at 8L/min "/>
    <route>
      <coding>
        <system value="http://snomed.info/sct"/>
        <code value="47625008"/>
        <display value="Intravenous route (qualifier value)"/>
      </coding>
    </route>
    <dose>
      <value value="4.5"/>
      <unit value="g"/>
      <system value="http://unitsofmeasure.org"/>
      <code value="g"/>
    </dose>
    <rateRatio>
      <numerator>
        <value value="8"/>
        <system value="http://unitsofmeasure.org"/>
        <code value="ml"/>
      </numerator>
      <denominator>
        <value value="1"/>
        <system value="http://unitsofmeasure.org"/>
        <code value="min"/>
      </denominator>
    </rateRatio>
  </dosage>
</MedicationAdministration>