<?xml version="1.0" encoding="UTF-8"?><MedicationOrder xmlns="http://hl7.org/fhir">
  <id value="medrx0316"/>
    <text><status value="generated"/><div xmlns="http://www.w3.org/1999/xhtml"><p><b>Generated Narrative with Details</b></p><p><b>id</b>: medrx0316</p><p><b>contained</b>: </p><p><b>identifier</b>: 12345689 (OFFICIAL)</p><p><b>status</b>: completed</p><p><b>medication</b>: id: med0306; Adcetris <span>(Details : {http://hl7.org/fhir/sid/ndc code &#39;51144-050-01&#39; = &#39;51144-050-01&#39;, given as &#39;Adcetris&#39;})</span>; isBrand</p><p><b>patient</b>: <a>Donald Duck</a></p><p><b>encounter</b>: <a>encounter who leads to this prescription</a></p><p><b>dateWritten</b>: Jan 15, 2015</p><p><b>prescriber</b>: <a>Patrick Pump</a></p><p><b>dosageInstruction</b>: </p></div></text><contained>
        <Medication>
            <id value="med0306"/>
            <code>
                <coding>
                    <system value="http://hl7.org/fhir/sid/ndc"/>
                    <code value="51144-050-01"/>
                    <display value="Adcetris"/>
                </coding>
            </code>
            <isBrand value="true"/>
            <product>
                <form>
                    <coding>
                        <system value="http://snomed.info/sct"/>
                        <code value="421637006"/>
                        <display value="Lyophilized powder for injectable solution (qualifier value) "/>
                    </coding>
                </form>
                <batch>
                    <lotNumber value="12345"/>
                    <expirationDate value="2019-10-31"/>
                </batch>
            </product>
        </Medication>
    </contained>
    <identifier>
        <use value="official"/>
        <system value="http://www.bmc.nl/portal/prescriptions"/>
        <value value="12345689"/>
    </identifier>
    <status value="completed"/>
    <medicationReference> <!--   Linked to a RESOURCE Medication   -->
        <reference value="#med0306"/>
    </medicationReference> 
    <patient> <!--   Linked to the resource patient who needs the medication   -->
        <reference value="Patient/pat1"/>
        <display value="Donald Duck"/>         
    </patient>
    <encounter> <!--   Linked to a resource Encounter between patient and practitioner  -->
        <reference value="Encounter/f001"/>
        <display value="encounter who leads to this prescription"/>
    </encounter>
    <dateWritten value="2015-01-15"/>
    <prescriber> <!--   Linked to the practitioner who treats patient   -->
        <reference value="Practitioner/f007"/>
        <display value="Patrick Pump"/>
    </prescriber>
    <dosageInstruction>
        <sequence value="1"/>
        <text value="1.8 mg/kg IV infusion over 30 minutes every 3 weeks for 16 cycles"/>
        <timing>
            <repeat>
                <count value="16"/>
                <frequency value="1"/>
                <period value="3"/>
                <periodUnit value="wk"/>
            </repeat>
        </timing>
        <route>
            <coding>
                <system value="http://snomed.info/sct"/>
                <code value="255560000"/>
                <display value="Intravenous"/>
            </coding>
        </route>
        <doseQuantity>
            <value value="1.8"/>
            <unit value="mg/kg"/>
            <system value="http://unitsofmeasure.org"/>
            <code value="mg/kg"/> 
        </doseQuantity>
        <rateQuantity>
            <value value="20"/>
            <unit value="min"/>
            <system value="http://unitsofmeasure.org"/>
                <code value="min"/> 
        </rateQuantity>
    </dosageInstruction>
</MedicationOrder>