<?xml version="1.0" encoding="UTF-8"?><MedicationDispense xmlns="http://hl7.org/fhir">
    <id value="meddisp0311"/>
    <text><status value="generated"/><div xmlns="http://www.w3.org/1999/xhtml"><p><b>Generated Narrative with Details</b></p><p><b>id</b>: meddisp0311</p><p><b>status</b>: completed</p><p><b>medication</b>: Acetaminophen 120mg Suppository <span>(Details : {http://hl7.org/fhir/sid/ndc code &#39;50090-0001&#39; = &#39;50090-0001&#39;, given as &#39;Acetaminophen 120mg Suppository&#39;})</span></p><p><b>patient</b>: <a>Donald Duck</a></p><p><b>dispenser</b>: <a>Rob van den Berk</a></p><p><b>authorizingPrescription</b>: <a>MedicationOrder/medrx0324</a></p><p><b>type</b>: partial Fill <span>(Details : {http://hl7.org/fhir/v3/ActPharmacySupplyType code &#39;PF&#39; = &#39;PF&#39;, given as &#39;partial Fill&#39;})</span></p><p><b>quantity</b>: 60 RECSUPP<span> (Details: UCUM code RECSUPP = &#39;RECSUPP&#39;)</span></p><p><b>daysSupply</b>: 10 Day<span> (Details: UCUM code d = &#39;d&#39;)</span></p><p><b>whenPrepared</b>: Jan 15, 2015 10:20:00 AM</p><p><b>whenHandedOver</b>: Jan 15, 2015 4:20:00 PM</p><p><b>dosageInstruction</b>: </p></div></text><status value="completed"/>
   <medicationCodeableConcept>
       <coding>
           <system value="http://hl7.org/fhir/sid/ndc"/>
           <code value="50090-0001"/>
           <display value="Acetaminophen 120mg Suppository"/>
       </coding>
   </medicationCodeableConcept>
    <patient>       
        <reference value="Patient/pat1"/>
        <display value="Donald Duck"/>
    </patient>
    <dispenser>
        <reference value="Practitioner/f006"/>
        <display value="Rob van den Berk"/>
    </dispenser>
    <authorizingPrescription>
        <reference value="MedicationOrder/medrx0324"/>
    </authorizingPrescription>
    <type>
        <coding>
            <system value="http://hl7.org/fhir/v3/ActPharmacySupplyType"/>
            <code value="PF"/>
            <display value="partial Fill"/>
        </coding>
    </type>
    <quantity>
        <value value="60"/>
        <system value="http://unitsofmeasure.org"/>
        <code value="RECSUPP"/>
    </quantity>
    <daysSupply>
        <value value="10"/>
        <unit value="Day"/>
        <system value="http://unitsofmeasure.org"/>
        <code value="d"/>
    </daysSupply>
    <whenPrepared value="2015-01-15T10:20:00Z"/>
    <whenHandedOver value="2015-01-15T16:20:00Z"/>    
    <dosageInstruction>
        <sequence value="1"/>
        <text value="Insert two suppositories (240mg) rectally twice daily as needed for fever to a maximim of 6 per day"/>
        <additionalInstructions>
            <coding>
                <system value="http://snomed.info/sct"/>
                <code value="418637003"/>
                <display value="Do not take with any other paracetamol products (qualifier value)"/>
            </coding>
        </additionalInstructions>
        <timing>
            <repeat>
                <frequency value="2"/>
                <period value="1"/>
                <periodUnit value="d"/>
            </repeat>
        </timing>
        <asNeededCodeableConcept>
            <coding>
                <system value="http://snomed.info/sct"/>
                <code value="386661006"/>
                <display value="Fever (finding)"/>
            </coding>
        </asNeededCodeableConcept>
        <doseQuantity>
            <value value="240"/>
            <unit value="mg"/>
            <system value="http://unitsofmeasure.org"/>
            <code value="mg"/>
        </doseQuantity>
        <maxDosePerPeriod>
            <numerator>
                <value value="720"/>
                <system value="http://unitsofmeasure.org"/>
                <code value="mg"/>
            </numerator>
            <denominator>
                <value value="1"/>
                <system value="http://unitsofmeasure.org"/>
                <code value="d"/>
            </denominator>
        </maxDosePerPeriod>
    </dosageInstruction>
</MedicationDispense>