<?xml version="1.0" encoding="UTF-8"?><MedicationDispense xmlns="http://hl7.org/fhir">
    <id value="meddisp0308"/>
    <text><status value="generated"/><div xmlns="http://www.w3.org/1999/xhtml"><p><b>Generated Narrative with Details</b></p><p><b>id</b>: meddisp0308</p><p><b>contained</b>: </p><p><b>status</b>: completed</p><p><b>medication</b>: Timoptic 5mg/ml solution. Generated Summary: id: med0305; Timoptic 5mg/ml solution <span>(Details : {http://hl7.org/fhir/sid/ndc code &#39;2501-813-16&#39; = &#39;2501-813-16&#39;, given as &#39;Timoptic 5mg/ml solution&#39;})</span></p><p><b>patient</b>: <a>Donald Duck </a></p><p><b>dispenser</b>: <a>Rob van den Berk</a></p><p><b>authorizingPrescription</b>: <a>MedicationOrder/medrx0330</a></p><p><b>type</b>: partial Fill <span>(Details : {http://hl7.org/fhir/ValueSet/v3-ActPharmacySupplyType code &#39;PF&#39; = &#39;PF&#39;, given as &#39;partial Fill&#39;})</span></p><p><b>quantity</b>: 10 mL<span> (Details: UCUM code mL = &#39;mL&#39;)</span></p><p><b>daysSupply</b>: 30 Day<span> (Details: UCUM code d = &#39;d&#39;)</span></p><p><b>whenPrepared</b>: Jun 25, 2015 7:13:00 AM</p><p><b>whenHandedOver</b>: Jun 26, 2015 7:13:00 AM</p><p><b>dosageInstruction</b>: </p></div></text><contained>
        <Medication>
            <id value="med0305"/>
            <code>
                <coding>
                    <system value="http://hl7.org/fhir/sid/ndc"/>
                    <code value="2501-813-16"/>
                    <display value="Timoptic 5mg/ml solution"/>
                </coding>
            </code>
        </Medication>
    </contained>
    <status value="completed"/>
    <medicationReference>
        <!--   Linked to a RESOURCE Medication   -->
        <reference value="#med0305"/>
        <display value="Timoptic 5mg/ml solution"/>
    </medicationReference>
    <patient>
        <reference value="Patient/pat1"/>
        <display value="Donald Duck "/> 
    </patient>
    <dispenser>
        <reference value="Practitioner/f006"/>
        <display value="Rob van den Berk"/>
    </dispenser>
    <authorizingPrescription>
        <reference value="MedicationOrder/medrx0330"/>
    </authorizingPrescription>
    <type>
        <coding>
            <system value="http://hl7.org/fhir/ValueSet/v3-ActPharmacySupplyType"/>
            <code value="PF"/>
            <display value="partial Fill"/>
        </coding>
    </type>
    <quantity>
        <value value="10"/>
        <unit value="mL"/>
        <system value="http://unitsofmeasure.org"/>
        <code value="mL"/> 
    </quantity>
    <daysSupply>
        <value value="30"/>
        <unit value="Day"/>
        <system value="http://unitsofmeasure.org"/>
        <code value="d"/>
    </daysSupply>
    <whenPrepared value="2015-06-25T07:13:00+05:00"/>
    <whenHandedOver value="2015-06-26T07:13:00+05:00"/>
    <dosageInstruction>
        <sequence value="1"/>
        <text value="Instil one drop in each eye twice daily"/>
        <timing>
            <repeat>
                <frequency value="2"/>
                <period value="1"/>
                <periodUnit value="d"/>
            </repeat>
        </timing>
        <route>
            <coding>
                <system value="http://snomed.info/sct"/>
                <code value="54485002"/>
                <display value="Ophthalmic route (qualifier value)"/>
            </coding>
        </route>
        <method>
            <coding>
                <system value="http://snomed.info/sct"/>
                <code value="421538008"/>
                <display value="Instill - dosing instruction imperative (qualifier value)"/>
            </coding>
        </method>
        <doseQuantity>
            <value value="1"/>
            <unit value="OPDROP"/>
            <system value="http://hl7.org/fhir/ValueSet/v3-orderableDrugForm"/>
            <code value="OPDROP"/> 
        </doseQuantity>
    </dosageInstruction>
</MedicationDispense>