<?xml version="1.0" encoding="UTF-8"?><MedicationOrder xmlns="http://hl7.org/fhir">
  <id value="medrx0314"/>
    <text><status value="generated"/><div xmlns="http://www.w3.org/1999/xhtml"><p><b>Generated Narrative with Details</b></p><p><b>id</b>: medrx0314</p><p><b>identifier</b>: 12345689 (OFFICIAL)</p><p><b>status</b>: completed</p><p><b>medication</b>: Levothyroxine Sodium 75micrograms tablet (product) <span>(Details : {SNOMED CT code &#39;376988009&#39; = &#39;Levothyroxine sodium 75micrograms tablet (product)&#39;, given as &#39;Levothyroxine Sodium 75micrograms tablet (product)&#39;})</span></p><p><b>patient</b>: <a>Donald Duck</a></p><p><b>dateWritten</b>: Jan 15, 2015</p><p><b>prescriber</b>: <a>Patrick Pump</a></p><p><b>reasonCode</b>: Hypothyroidism (disorder) <span>(Details : {SNOMED CT code &#39;40930008&#39; = &#39;Hypothyroidism&#39;, given as &#39;Hypothyroidism (disorder)&#39;})</span></p><p><b>dosageInstruction</b>: </p><h3>DispenseRequests</h3><table><tr><td>-</td><td><b>ValidityPeriod</b></td><td><b>Quantity</b></td><td><b>ExpectedSupplyDuration</b></td></tr><tr><td>*</td><td>Jan 15, 2015 --&gt; Jan 15, 2016</td><td>100 Tab<span> (Details: http://hl7.org/fhir/ValueSet/v3-orderableDrugForm code Tab = &#39;Tab&#39;)</span></td><td>30 days<span> (Details: UCUM code d = &#39;d&#39;)</span></td></tr></table></div></text><identifier>
        <use value="official"/>
        <system value="http://www.bmc.nl/portal/prescriptions"/>
        <value value="12345689"/>
    </identifier>
    <status value="completed"/>
    <medicationCodeableConcept>
        <coding>
            <system value="http://snomed.info/sct"/>
            <code value="376988009"/>
            <display value="Levothyroxine Sodium 75micrograms tablet (product)"/>
        </coding>
    </medicationCodeableConcept>
    <patient> <!--   Linked to the resource patient who needs the medication   -->
        <reference value="Patient/pat1"/>
        <display value="Donald Duck"/>        
    </patient>
    <dateWritten value="2015-01-15"/>
    <prescriber> <!--   Linked to the practitioner who treats patient   -->
        <reference value="Practitioner/f007"/>
        <display value="Patrick Pump"/>
    </prescriber>
    <reasonCode>
        <coding>
            <system value="http://snomed.info/sct"/>
            <code value="40930008"/>
            <display value="Hypothyroidism (disorder)"/>
        </coding>
    </reasonCode>
    <dosageInstruction>
        <sequence value="1"/>
        <text value="75mcg daily"/>
        <timing>
            <repeat>
                <frequency value="1"/>
                <period value="1"/>
                <periodUnit value="d"/>
            </repeat>
        </timing>
        <route>
            <coding>
                <system value="http://snomed.info/sct"/>
                <code value="26643006"/>
                <display value="Oral Route (qualifier value)"/>
            </coding>
        </route>
        <doseQuantity>
            <value value="75"/>
            <unit value="mcg"/>
            <system value="http://unitsofmeasure.org"/>
            <code value="mcg"/>
        </doseQuantity>
    </dosageInstruction> 
    <dispenseRequest>
        <validityPeriod>
            <start value="2015-01-15"/>
            <end value="2016-01-15"/> 
        </validityPeriod>
        <quantity>
            <value value="100"/>
            <unit value="Tab"/>
            <system value="http://hl7.org/fhir/ValueSet/v3-orderableDrugForm"/>
            <code value="Tab"/> 
        </quantity>
        <expectedSupplyDuration>
            <value value="30"/>
            <unit value="days"/>
            <system value="http://unitsofmeasure.org"/>
            <code value="d"/>
        </expectedSupplyDuration>
    </dispenseRequest>
</MedicationOrder>