<?xml version="1.0" encoding="UTF-8"?><MedicationDispense xmlns="http://hl7.org/fhir">
    <id value="meddisp0303"/>
    <text><status value="generated"/><div xmlns="http://www.w3.org/1999/xhtml"><p><b>Generated Narrative with Details</b></p><p><b>id</b>: meddisp0303</p><p><b>contained</b>: </p><p><b>status</b>: on-hold</p><p><b>medication</b>: id: med0310; Oxycodone Hydrochloride 5mg oral tablet (Roxicodone <span>(Details : {RxNorm code &#39;1049623&#39; = &#39;1049623&#39;, given as &#39;Oxycodone Hydrochloride 5mg oral tablet (Roxicodone&#39;})</span></p><p><b>patient</b>: <a>Donald Duck</a></p><p><b>dispenser</b>: <a>Rob van den Berk</a></p><p><b>authorizingPrescription</b>: <a>MedicationOrder/medrx0310</a></p><p><b>type</b>: emergency Fill <span>(Details : {http://hl7.org/fhir/ValueSet/v3-ActPharmacySupplyType code &#39;EF&#39; = &#39;EF&#39;, given as &#39;emergency Fill&#39;})</span></p><p><b>quantity</b>: 30 TAB<span> (Details: http://hl7.org/fhir/ValueSet/v3-orderableDrugForm code TAB = &#39;TAB&#39;)</span></p><p><b>daysSupply</b>: 10 Day<span> (Details: UCUM code d = &#39;d&#39;)</span></p><p><b>whenPrepared</b>: Apr 15, 2016 7:14:00 AM</p><p><b>whenHandedOver</b>: Apr 15, 2016 7:14:00 AM</p><p><b>dosageInstruction</b>: </p></div></text><contained>
        <Medication>
            <id value="med0310"/>
            <code>
                <coding>
                    <system value="http://www.nlm.nih.gov/research/umls/rxnorm"/>
                    <code value="1049623"/>
                    <display value="Oxycodone Hydrochloride 5mg oral tablet (Roxicodone"/>
                </coding>
            </code>
        </Medication>
    </contained>
    <status value="on-hold"/>
    <medicationReference>
        <!--   Linked to a RESOURCE Medication   -->
        <reference value="#med0310"/>
    </medicationReference>
    <patient>
        <reference value="Patient/pat1"/>
        <display value="Donald Duck"/>  
    </patient>
    <dispenser>
        <reference value="Practitioner/f006"/>
        <display value="Rob van den Berk"/>
    </dispenser>
    <authorizingPrescription>
        <reference value="MedicationOrder/medrx0310"/>
    </authorizingPrescription>
    <type>
        <coding>
            <system value="http://hl7.org/fhir/ValueSet/v3-ActPharmacySupplyType"/>
            <code value="EF"/>
            <display value="emergency Fill"/>
        </coding>
    </type>
    <quantity>
        <value value="30"/>
        <system value="http://hl7.org/fhir/ValueSet/v3-orderableDrugForm"/>
        <code value="TAB"/>
    </quantity>
    <daysSupply>
        <value value="10"/>
        <unit value="Day"/>
        <system value="http://unitsofmeasure.org"/>
        <code value="d"/>
    </daysSupply>
    <whenPrepared value="2016-04-15T07:14:00+05:00"/>
    <whenHandedOver value="2016-04-15T07:14:00+05:00"/>
    <dosageInstruction>
        <sequence value="1"/>
        <text value="one to two tablets every 4-6 hours as needed for rib pain"/>
        <additionalInstructions>
            <coding>
                <system value="http://snomed.info/sct"/>
                <code value="418914006"/>
                <display value="Warning. May cause drowsiness. If affected do not drive or operate machinery. Avoid alcoholic drink (qualifier value)"/>
            </coding>
        </additionalInstructions>
        <timing>
            <repeat>
                <frequency value="1"/>
                <period value="4"/>
                <periodMax value="6"/>
                <periodUnit value="h"/>
            </repeat>
        </timing>
        <asNeededCodeableConcept>
            <coding>
                <system value="http://snomed.info/sct"/>
                <code value="297217002"/>
                <display value="Rib Pain (finding)"/>
            </coding>
        </asNeededCodeableConcept>
        <route>
            <coding>
                <system value="http://snomed.info/sct"/>
                <code value="26643006"/>
                <display value="Oral Route"/>
            </coding>
        </route>
        <method>
            <coding>
                <system value="http://snomed.info/sct"/>
                <code value="421521009"/>
                <display value="Swallow - dosing instruction imperative (qualifier value)"/>
            </coding>
        </method>
    </dosageInstruction>
</MedicationDispense>