<?xml version="1.0" encoding="UTF-8"?><MedicationDispense xmlns="http://hl7.org/fhir">
    <id value="meddisp0319"/>
    <text><status value="generated"/><div xmlns="http://www.w3.org/1999/xhtml"><p><b>Generated Narrative with Details</b></p><p><b>id</b>: meddisp0319</p><p><b>contained</b>: </p><p><b>status</b>: completed</p><p><b>medication</b>: Azithromycin 250mg capsule (product). Generated Summary: id: med0320; Azithromycin 250mg tablet, film coated (Aidarex Pharmaceuticals LLC) <span>(Details : {http://hl7.org/fhir/sid/ndc code &#39;33261-403-02&#39; = &#39;33261-403-02&#39;, given as &#39;Azithromycin 250mg tablet, film coated (Aidarex Pharmaceuticals LLC)&#39;})</span></p><p><b>patient</b>: <a>Donald Duck</a></p><p><b>dispenser</b>: <a>Rob van den Berk</a></p><p><b>authorizingPrescription</b>: <a>MedicationOrder/medrx0302</a></p><p><b>type</b>: First Fill - Complete <span>(Details : {http://hl7.org/fhir/ValueSet/v3-ActPharmacySupplyType code &#39;FFC&#39; = &#39;FFC&#39;, given as &#39;First Fill - Complete&#39;})</span></p><p><b>quantity</b>: 6 TAB<span> (Details: UCUM code TAB = &#39;TAB&#39;)</span></p><p><b>daysSupply</b>: 5 Day<span> (Details: UCUM code d = &#39;d&#39;)</span></p><p><b>whenPrepared</b>: Mar 16, 2015 5:13:00 PM</p><p><b>whenHandedOver</b>: Mar 17, 2015 5:13:00 PM</p><p><b>note</b>: Patient told to take with food</p><p><b>dosageInstruction</b>: , </p></div></text><contained>
        <Medication>
            <id value="med0320"/>
            <code>
                <coding>
                    <system value="http://hl7.org/fhir/sid/ndc"/>
                    <code value="33261-403-02"/>
                    <display value="Azithromycin 250mg tablet, film coated (Aidarex Pharmaceuticals LLC)"/>
                </coding>
            </code>
        </Medication>
    </contained>
    <status value="completed"/>
    <medicationReference>
        <reference value="#med0320"/>
        <display value="Azithromycin 250mg capsule (product)"/>
    </medicationReference>
    <patient>
        <reference value="Patient/pat1"/>
        <display value="Donald Duck"/>
    </patient>
    <dispenser>
        <reference value="Practitioner/f006"/>
        <display value="Rob van den Berk"/>
    </dispenser>
    <authorizingPrescription>
        <reference value="MedicationOrder/medrx0302"/>
    </authorizingPrescription>
    <type>
        <coding>
            <system value="http://hl7.org/fhir/ValueSet/v3-ActPharmacySupplyType"/>
            <code value="FFC"/>
            <display value="First Fill - Complete"/>
        </coding>
    </type>
    <quantity>
        <value value="6"/>
        <system value="http://unitsofmeasure.org"/>
        <code value="TAB"/>
    </quantity>
    <daysSupply>
        <value value="5"/>
        <unit value="Day"/>
        <system value="http://unitsofmeasure.org"/>
        <code value="d"/>
    </daysSupply>
    <whenPrepared value="2015-03-16T17:13:00+05:00"/>
    <whenHandedOver value="2015-03-17T17:13:00+05:00"/>
    <note>
        <text value="Patient told to take with food"/>
    </note>
    <dosageInstruction>
        <sequence value="1"/>
        <text value="Two tablets at once"/>
        <additionalInstructions>
            <coding>
                <system value="http://snomed.info/sct"/>
                <code value="311504000"/>
                <display value="With or after food"/>
            </coding>
        </additionalInstructions>
        <timing>
            <repeat>
                <frequency value="1"/>
                <period value="1"/>
                <periodUnit value="d"/>
            </repeat>
        </timing>
        <route>
            <coding>
                <system value="http://snomed.info/sct"/>
                <code value="26643006"/>
                <display value="Oral Route"/>
            </coding>
        </route>
        <method>
            <coding>
                <system value="http://snomed.info/sct"/>
                <code value="421521009"/>
                <display value="Swallow - dosing instruction imperative (qualifier value)"/>
            </coding>
        </method>
        <doseQuantity>
            <value value="2"/>
            <unit value="TAB"/>
            <system value="http://hl7.org/fhir/ValueSet/v3-orderableDrugForm"/>
            <code value="TAB"/>
        </doseQuantity>
    </dosageInstruction>
    <dosageInstruction>
        <sequence value="2"/>
        <text value="One tablet daily for 4 days"/>
        <additionalInstructions>
            <coding>
                <system value="http://snomed.info/sct"/>
                <code value="311504000"/>
                <display value="With or after food"/>
            </coding>
        </additionalInstructions>
        <timing>
            <repeat>
                <frequency value="4"/>
                <period value="1"/>
                <periodUnit value="d"/>
            </repeat>
        </timing>
        <route>
            <coding>
                <system value="http://snomed.info/sct"/>
                <code value="26643006"/>
                <display value="Oral Route"/>
            </coding>
        </route>
        <doseQuantity>
            <value value="1"/>
            <unit value="TAB"/>
            <system value="http://hl7.org/fhir/ValueSet/v3-orderableDrugForm"/>
            <code value="TAB"/>
        </doseQuantity>
    </dosageInstruction>   
</MedicationDispense>