<?xml version="1.0" encoding="UTF-8"?><MedicationDispense xmlns="http://hl7.org/fhir">
    <id value="meddisp0317"/>
    <text><status value="generated"/><div xmlns="http://www.w3.org/1999/xhtml"><p><b>Generated Narrative with Details</b></p><p><b>id</b>: meddisp0317</p><p><b>contained</b>: </p><p><b>status</b>: stopped</p><p><b>medication</b>: Brentixumab Vedotin (Adcetris). Generated Summary: id: med0306; Adcetris (Brentuximab Vedotin 50mg/10.5ml) <span>(Details : {http://hl7.org/fhir/sid/ndc code &#39;51144-050-01&#39; = &#39;51144-050-01&#39;, given as &#39;Adcetris (Brentuximab Vedotin 50mg/10.5ml)&#39;})</span>; isBrand</p><p><b>patient</b>: <a>Donald Duck </a></p><p><b>dispenser</b>: <a>Rob van den Berk</a></p><p><b>authorizingPrescription</b>: <a>MedicationOrder/medrx0316</a></p><p><b>type</b>: Trial Fill <span>(Details : {http://hl7.org/fhir/ValueSet/v3-ActPharmacySupplyType code &#39;TF&#39; = &#39;TF&#39;, given as &#39;Trial Fill&#39;})</span></p><p><b>quantity</b>: 3 415818005<span> (Details: SNOMED CT code 415818005 = &#39;415818005&#39;)</span></p><p><b>daysSupply</b>: 1 Day<span> (Details: UCUM code d = &#39;d&#39;)</span></p><p><b>whenPrepared</b>: Jun 25, 2015 7:13:00 AM</p><p><b>whenHandedOver</b>: Jun 26, 2015 7:13:00 AM</p><p><b>dosageInstruction</b>: </p></div></text><contained>
        <Medication>
            <id value="med0306"/>
            <code>
                <coding>
                    <system value="http://hl7.org/fhir/sid/ndc"/>
                    <code value="51144-050-01"/>
                    <display value="Adcetris (Brentuximab Vedotin 50mg/10.5ml)"/>
                </coding>
            </code>
            <isBrand value="true"/>
            <manufacturer>
                <reference value="Organization/mmanu"/>
            </manufacturer>
            <product>
                <form>
                    <coding>
                        <system value="http://snomed.info/sct"/>
                        <code value="421637006"/>
                        <display value="Lyophilized powder for injectable solution (qualifier value) "/>
                    </coding>
                </form>
                <batch>
                    <lotNumber value="12345"/>
                    <expirationDate value="2019-10-31"/>
                </batch>
            </product>
        </Medication>
    </contained>
    <status value="stopped"/>
    <medicationReference>
        <!--   Linked to a RESOURCE Medication   -->
        <reference value="#med0306"/>
        <display value="Brentixumab Vedotin (Adcetris)"/>
    </medicationReference>
    <patient>
        <reference value="Patient/pat1"/>
        <display value="Donald Duck "/> 
    </patient>
    <dispenser>
        <reference value="Practitioner/f006"/>
        <display value="Rob van den Berk"/>
    </dispenser>
    <authorizingPrescription>
        <reference value="MedicationOrder/medrx0316"/>
    </authorizingPrescription>
    <type>
        <coding>
            <system value="http://hl7.org/fhir/ValueSet/v3-ActPharmacySupplyType"/>
            <code value="TF"/>
            <display value="Trial Fill"/>
        </coding>
    </type>
    <quantity>
        <value value="3"/>
        <system value="http://snomed.info/sct"/>
        <code value="415818005"/>
    </quantity>
    <daysSupply>
        <value value="1"/>
        <unit value="Day"/>
        <system value="http://unitsofmeasure.org"/>
        <code value="d"/>
    </daysSupply>
    <whenPrepared value="2015-06-25T07:13:00+05:00"/>
    <whenHandedOver value="2015-06-26T07:13:00+05:00"/>
    <dosageInstruction>
        <sequence value="1"/>
        <text value="1.8 mg/kg IV infusion over 30 minutes every 3 weeks for 16 cycles"/>
        <timing>
            <repeat>
                <count value="16"/>
                <frequency value="1"/>
                <period value="3"/>
                <periodUnit value="wk"/>
            </repeat>
        </timing>
        <route>
            <coding>
                <system value="http://snomed.info/sct"/>
                <code value="255560000"/>
                <display value="Intravenous"/>
            </coding>
        </route>
        <doseQuantity>
            <value value="1.8"/>
            <unit value="mg/kg"/>
            <system value="http://unitsofmeasure.org"/>
            <code value="mg/kg"/> 
        </doseQuantity>
    </dosageInstruction>
</MedicationDispense>