<?xml version="1.0" encoding="UTF-8"?><MedicationDispense xmlns="http://hl7.org/fhir">
    <id value="meddisp0310"/>
    <text><status value="generated"/><div xmlns="http://www.w3.org/1999/xhtml"><p><b>Generated Narrative with Details</b></p><p><b>id</b>: meddisp0310</p><p><b>contained</b>: </p><p><b>status</b>: in-progress</p><p><b>medication</b>: Percocet. Generated Summary: id: med0308; Percocet tablet <span>(Details : {http://hl7.org/fhir/sid/ndc code &#39;16590-619-30&#39; = &#39;16590-619-30&#39;, given as &#39;Percocet tablet&#39;})</span></p><p><b>patient</b>: <a>Donald Duck </a></p><p><b>dispenser</b>: <a>Rob van den Berk</a></p><p><b>authorizingPrescription</b>: <a>MedicationOrder/medrx0307</a></p><p><b>type</b>: emergency Fill <span>(Details : {http:hl7.org/fhir code &#39;EF&#39; = &#39;EF&#39;, given as &#39;emergency Fill&#39;})</span></p><p><b>quantity</b>: 30 TAB<span> (Details: http://hl7.org/fhir/ValueSet/v3-orderableDrugForm code TAB = &#39;TAB&#39;)</span></p><p><b>daysSupply</b>: 30 Day<span> (Details: UCUM code d = &#39;d&#39;)</span></p><p><b>whenPrepared</b>: Jan 15, 2015 10:20:00 AM</p><p><b>dosageInstruction</b>: </p></div></text><contained>
        <Medication>
            <id value="med0308"/>
            <code>
                <coding>
                    <system value="http://hl7.org/fhir/sid/ndc"/>
                    <code value="16590-619-30"/>
                    <display value="Percocet tablet"/>
                </coding>
            </code>
        </Medication>
    </contained>
    <status value="in-progress"/>
    <medicationReference>
        <!--   Linked to a RESOURCE Medication   -->
        <reference value="#med0308"/>
        <display value="Percocet"/>
    </medicationReference>
    <patient>
        <reference value="Patient/pat1"/>
        <display value="Donald Duck "/> 
    </patient>
    <dispenser>
        <reference value="Practitioner/f006"/>
        <display value="Rob van den Berk"/>
    </dispenser>
    <authorizingPrescription>
        <reference value="MedicationOrder/medrx0307"/>
    </authorizingPrescription>
    <type>
        <coding>
            <system value="http:hl7.org/fhir"/>
            <code value="EF"/>
            <display value="emergency Fill"/>
        </coding>
    </type>
    <quantity>
        <value value="30"/>
        <unit value="TAB"/>
        <system value="http://hl7.org/fhir/ValueSet/v3-orderableDrugForm"/>
        <code value="TAB"/> 
    </quantity>
    <daysSupply>
        <value value="30"/>
        <unit value="Day"/>
        <system value="http://unitsofmeasure.org"/>
        <code value="d"/>
    </daysSupply>
    <whenPrepared value="2015-01-15T10:20:00Z"/>
    <dosageInstruction>
        <sequence value="1"/>
        <text value="1 tablet every four hours as needed for pain"/>
        <additionalInstructions>
            <coding>
                <system value="http://snomed.info/sct"/>
                <code value="418914006"/>
                <display value="Warning. May cause drowsiness. If affected do not drive or operate machinery. Avoid alcoholic drink (qualifier value)"/>
            </coding>
        </additionalInstructions>
        <timing>
            <repeat>
                <frequency value="1"/>
                <period value="4"/>
                <periodUnit value="h"/>
            </repeat>
        </timing>
        <asNeededCodeableConcept>
            <coding>
                <system value="http://snomed.info/sct"/>
                <code value="203082005"/>
                <display value="Fibromyalgia (disorder)"/>
            </coding>
        </asNeededCodeableConcept>
        <route>
            <coding>
                <system value="http://snomed.info/sct"/>
                <code value="26643006"/>
                <display value="Oral Route"/>
            </coding>
        </route>
        <doseQuantity>
            <value value="1"/>
            <unit value="TAB"/>
            <system value="http://hl7.org/fhir/ValueSet/v3-orderableDrugForm"/>
            <code value="TAB"/> 
        </doseQuantity>
    </dosageInstruction>
</MedicationDispense>