<?xml version="1.0" encoding="UTF-8"?><MedicationStatement xmlns="http://hl7.org/fhir">
  <id value="example003"/>
  <text><status value="generated"/><div xmlns="http://www.w3.org/1999/xhtml"><p><b>Generated Narrative with Details</b></p><p><b>id</b>: example003</p><p><b>status</b>: active</p><p><b>medication</b>: Little Pink Pill for water retention <span>(Details )</span></p><p><b>patient</b>: <a>Donald Duck</a></p><p><b>effective</b>: Feb 1, 2014</p><p><b>informationSource</b>: <a>Donald Duck</a></p><p><b>dateAsserted</b>: Feb 22, 2014</p><p><b>notTaken</b>: N</p><p><b>note</b>: Patient can not remember the name of the tablet, but takes it every day in the morning for water retention</p><p><b>dosage</b>: </p></div></text><status value="active"/>
  <medicationCodeableConcept>
      <text value="Little Pink Pill for water retention"/>
  </medicationCodeableConcept>  
  <patient>
    <reference value="Patient/pat1"/>
    <display value="Donald Duck"/> 
  </patient>
  <effectiveDateTime value="2014-02-01"/>
  <informationSource>
    <reference value="Patient/pat1"/>
    <display value="Donald Duck"/> 
  </informationSource>
  <dateAsserted value="2014-02-22"/>
  <notTaken value="N"/>
  <note>
    <text value="Patient can not remember the name of the tablet, but takes it every day in the morning for water retention"/>
  </note>
  <dosage>
    <sequence value="1"/>
    <text value="1 tablet per day"/>
    <asNeededBoolean value="false"/>
    <route>
     <coding>
       <system value="http://snomed.info/sct"/>
      <code value="260548002"/>
      <display value="Oral"/>
      </coding>
    </route>
    <doseQuantity>
      <value value="1"/>
      <unit value="tab"/>
      <system value="http://hl7.org/fhir/v3/orderableDrugForm"/>
      <code value="tab"/>
    </doseQuantity>
    <maxDosePerPeriod>
      <numerator>
        <value value="1"/>
      </numerator>
      <denominator>
      <value value="1"/>
      <system value="http://unitsofmeasure.org"/>
      <code value="d"/>
      </denominator>
    </maxDosePerPeriod>
  </dosage>
</MedicationStatement>