<?xml version="1.0" encoding="UTF-8"?><MedicationOrder xmlns="http://hl7.org/fhir">
  <id value="medrx0318"/>
    <text><status value="generated"/><div xmlns="http://www.w3.org/1999/xhtml"><p><b>Generated Narrative with Details</b></p><p><b>id</b>: medrx0318</p><p><b>contained</b>: </p><p><b>identifier</b>: 12345689 (OFFICIAL)</p><p><b>status</b>: active</p><p><b>medication</b>: id: med0301; Vancomycin Hydrochloride (VANCOMYCIN HYDROCHLORIDE) <span>(Details : {http://hl7.org/fhir/sid/ndc code &#39;0069-2587-10&#39; = &#39;0069-2587-10&#39;, given as &#39;Vancomycin Hydrochloride (VANCOMYCIN HYDROCHLORIDE)&#39;})</span></p><p><b>patient</b>: <a>Donald Duck</a></p><p><b>encounter</b>: <a>encounter who leads to this prescription</a></p><p><b>dateWritten</b>: Jan 15, 2015</p><p><b>prescriber</b>: <a>Patrick Pump</a></p><p><b>reasonCode</b>: Traveller&#39;s Diarrhea (disorder) <span>(Details : {SNOMED CT code &#39;11840006&#39; = &#39;Traveler&#39;s diarrhea&#39;, given as &#39;Traveller&#39;s Diarrhea (disorder)&#39;})</span></p><p><b>note</b>: culture expected back in 12 hours - may switch depending on results</p><p><b>dosageInstruction</b>: </p></div></text><contained>
        <Medication>
            <id value="med0301"/>
            <code>
                <coding>
                    <system value="http://hl7.org/fhir/sid/ndc"/>
                    <code value="0069-2587-10"/>
                    <display value="Vancomycin Hydrochloride (VANCOMYCIN HYDROCHLORIDE)"/>
                </coding>
            </code>
        </Medication>
    </contained>
    <identifier>
        <use value="official"/>
        <system value="http://www.bmc.nl/portal/prescriptions"/>
        <value value="12345689"/>
    </identifier>
    <status value="active"/>
    <medicationReference> <!--   Linked to a RESOURCE Medication   -->
        <reference value="#med0301"/>
    </medicationReference> 
    <patient> <!--   Linked to the resource patient who needs the medication   -->
        <reference value="Patient/pat1"/>
        <display value="Donald Duck"/>            
    </patient>
    <encounter> <!--   Linked to a resource Encounter between patient and practitioner  -->
        <reference value="Encounter/f001"/>
        <display value="encounter who leads to this prescription"/>
    </encounter>
    <dateWritten value="2015-01-15"/>
    <prescriber> <!--   Linked to the practitioner who treats patient   -->
        <reference value="Practitioner/f007"/>
        <display value="Patrick Pump"/>
    </prescriber>
    <reasonCode>
        <coding>
            <system value="http://snomed.info/sct"/>
            <code value="11840006"/>
            <display value="Traveller&#39;s Diarrhea (disorder)"/>
        </coding>
    </reasonCode>
    <note>
        <text value="culture expected back in 12 hours - may switch depending on results"/>
    </note>
    <dosageInstruction>
        <sequence value="1"/>
        <text value="500mg IV q6h x 3 days"/>
        <timing>
            <repeat>
                <frequency value="1"/>
                <period value="6"/>
                <periodUnit value="h"/>
            </repeat>
        </timing>
        <route>
            <coding>
                <system value="http://snomed.info/sct"/>
                <code value="255560000"/>
                <display value="Intravenous"/>
            </coding>
        </route>
        <method>
            <coding>
                <system value="http://snomed.info/sct"/>
                <code value="420620005"/>
                <display value="Push - dosing instruction imperative (qualifier value)"/>
            </coding>
        </method>
        <doseQuantity>
            <value value="500"/>
            <unit value="mg"/>
            <system value="http://unitsofmeasure.org"/>
            <code value="mg"/>
        </doseQuantity>
    </dosageInstruction>
</MedicationOrder>