<?xml version="1.0" encoding="UTF-8"?><MedicationAdministration xmlns="http://hl7.org/fhir"> 
  <id value="medadmin0310"/>
  <text><status value="generated"/><div xmlns="http://www.w3.org/1999/xhtml"><p><b>Generated Narrative with Details</b></p><p><b>id</b>: medadmin0310</p><p><b>contained</b>: </p><p><b>status</b>: completed</p><p><b>medication</b>: id: med0304; Myleran 2mg tablet, film coated <span>(Details : {http://hl7.org/fhir/sid/ndc code &#39;76388-713-25&#39; = &#39;76388-713-25&#39;, given as &#39;Myleran 2mg tablet, film coated&#39;})</span></p><p><b>patient</b>: <a>Donald Duck</a></p><p><b>effectiveTime</b>: Jan 15, 2015 10:03:00 PM --&gt; Jan 16, 2015 2:03:00 AM</p><p><b>performer</b>: <a>Patrick Pump</a></p><p><b>prescription</b>: <a>MedicationOrder/medrx0306</a></p><h3>Dosages</h3><table><tr><td>-</td><td><b>Text</b></td><td><b>Route</b></td><td><b>Dose</b></td></tr><tr><td>*</td><td>6 mg PO daily for remission induction; adjust dosage to white blood cell (WBC) count.  With hold treatment if WBC is less than 15,000/µL; resume when WBC is greater than 50,000/µL</td><td>Oral route (qualifier value) <span>(Details : {SNOMED CT code &#39;26643006&#39; = &#39;Oral route (qualifier value)&#39;, given as &#39;Oral route (qualifier value)&#39;})</span></td><td>6 mg<span> (Details: UCUM code mg = &#39;mg&#39;)</span></td></tr></table></div></text><contained><Medication>
      <id value="med0304"/>
      <code>
        <coding>
          <system value="http://hl7.org/fhir/sid/ndc"/>
          <code value="76388-713-25"/>
          <display value="Myleran 2mg tablet, film coated"/>
        </coding>
      </code>
  </Medication>
  </contained>
  <status value="completed"/>
  <medicationReference>
    <reference value="#med0304"/>
  </medicationReference>
 <patient>
   <reference value="Patient/pat1"/>
   <display value="Donald Duck"/> 
  </patient>
 <effectiveTimePeriod>
  <start value="2015-01-15T22:03:00+01:00"/>
   <end value="2015-01-16T02:03:00+01:00"/>
</effectiveTimePeriod>
  <performer>
    <reference value="Practitioner/f007"/>
    <display value="Patrick Pump"/>
  </performer>
  <prescription>
    <reference value="MedicationOrder/medrx0306"/>
  </prescription>
  <dosage>
    <text value="6 mg PO daily for remission induction; adjust dosage to white blood cell (WBC) count.  With hold treatment if WBC is less than 15,000/µL; resume when WBC is greater than 50,000/µL"/>
    <route>
      <coding>
        <system value="http://snomed.info/sct"/>
        <code value="26643006"/>
        <display value="Oral route (qualifier value)"/>
      </coding>
    </route>
    <dose>
      <value value="6"/>
      <unit value="mg"/>
      <system value="http://unitsofmeasure.org"/>
      <code value="mg"/>
    </dose>
  </dosage>
</MedicationAdministration>