<?xml version="1.0" encoding="UTF-8"?>

<OperationDefinition xmlns="http://hl7.org/fhir">
  <id value="Task-start"/>
  <text>
    <status value="generated"/>
    <div xmlns="http://www.w3.org/1999/xhtml">
      <h2>Start Task</h2>
      <p>OPERATION: Start Task</p>
      <div>
        <p>Start this task by the specified entity (or if none specified, by the present task owner).  If an owner is specified, that owner is assigned as the task owner.  The task is transitioned to the In Progress state.</p>

      </div>
      <p>URL: [base]/Task/[id]/$start</p>
      <p>Parameters</p>
      <table class="grid">
        <tr>
          <td>
            <b>Use</b>
          </td>
          <td>
            <b>Name</b>
          </td>
          <td>
            <b>Cardinality</b>
          </td>
          <td>
            <b>Type</b>
          </td>
          <td>
            <b>Binding</b>
          </td>
          <td>
            <b>Documentation</b>
          </td>
        </tr>
        <tr>
          <td>IN</td>
          <td>owner</td>
          <td>0..1</td>
          <td>Reference</td>
          <td/>
          <td>
            <div>
              <p>The entity who is to be assigned ownership of this task.  If no entity is provided, the ownership of the task remains unchanged.</p>

            </div>
          </td>
        </tr>
      </table>
    </div>
  </text>
  <url value="http://hl7.org/fhir/OperationDefinition/Task-start"/>
  <name value="Start Task"/>
  <status value="draft"/>
  <kind value="operation"/>
  <date value="2016-10-21T22:27:16+00:00"/>
  <publisher value="HL7 (FHIR Project)"/>
  <contact>
    <telecom>
      <system value="other"/>
      <value value="http://hl7.org/fhir"/>
    </telecom>
    <telecom>
      <system value="email"/>
      <value value="fhir@lists.hl7.org"/>
    </telecom>
  </contact>
  <description value="Start this task by the specified entity (or if none specified, by the present task owner).  If an owner is specified, that owner is assigned as the task owner.  The task is transitioned to the In Progress state."/>
  <code value="start"/>
  <resource value="Task"/>
  <system value="false"/>
  <type value="false"/>
  <instance value="true"/>
  <parameter>
    <name value="owner"/>
    <use value="in"/>
    <min value="0"/>
    <max value="1"/>
    <documentation value="The entity who is to be assigned ownership of this task.  If no entity is provided, the ownership of the task remains unchanged."/>
    <type value="Reference"/>
  </parameter>
</OperationDefinition>