<?xml version="1.0" encoding="UTF-8"?>

<OperationDefinition xmlns="http://hl7.org/fhir">
  <id value="Task-set-output"/>
  <text>
    <status value="generated"/>
    <div xmlns="http://www.w3.org/1999/xhtml">
      <h2>Set Task Output</h2>
      <p>OPERATION: Set Task Output</p>
      <div>
        <p>Set one of the outputs of a task.</p>

      </div>
      <p>URL: [base]/Task/[id]/$set-output</p>
      <p>Parameters</p>
      <table class="grid">
        <tr>
          <td>
            <b>Use</b>
          </td>
          <td>
            <b>Name</b>
          </td>
          <td>
            <b>Cardinality</b>
          </td>
          <td>
            <b>Type</b>
          </td>
          <td>
            <b>Binding</b>
          </td>
          <td>
            <b>Documentation</b>
          </td>
        </tr>
        <tr>
          <td>OUT</td>
          <td>output</td>
          <td>1..*</td>
          <td></td>
          <td/>
          <td/>
        </tr>
        <tr>
          <td>OUT</td>
          <td>output.name</td>
          <td>1..1</td>
          <td>string</td>
          <td/>
          <td>
            <div>
              <p>The name of the output to add or update.</p>

            </div>
          </td>
        </tr>
        <tr>
          <td>OUT</td>
          <td>output.value[x]</td>
          <td>0..1</td>
          <td>Type</td>
          <td/>
          <td>
            <div>
              <p>If no value is provided, any current output with that name is removed from the resource.</p>

            </div>
          </td>
        </tr>
      </table>
    </div>
  </text>
  <url value="http://hl7.org/fhir/OperationDefinition/Task-set-output"/>
  <name value="Set Task Output"/>
  <status value="draft"/>
  <kind value="operation"/>
  <date value="2016-10-21T22:27:16+00:00"/>
  <publisher value="HL7 (FHIR Project)"/>
  <contact>
    <telecom>
      <system value="other"/>
      <value value="http://hl7.org/fhir"/>
    </telecom>
    <telecom>
      <system value="email"/>
      <value value="fhir@lists.hl7.org"/>
    </telecom>
  </contact>
  <description value="Set one of the outputs of a task."/>
  <code value="set-output"/>
  <resource value="Task"/>
  <system value="false"/>
  <type value="false"/>
  <instance value="true"/>
  <parameter>
    <name value="output"/>
    <use value="out"/>
    <min value="1"/>
    <max value="*"/>
    <part>
      <name value="name"/>
      <use value="out"/>
      <min value="1"/>
      <max value="1"/>
      <documentation value="The name of the output to add or update."/>
      <type value="string"/>
    </part>
    <part>
      <name value="value[x]"/>
      <use value="out"/>
      <min value="0"/>
      <max value="1"/>
      <documentation value="If no value is provided, any current output with that name is removed from the resource."/>
      <type value="Type"/>
    </part>
  </parameter>
</OperationDefinition>