<?xml version="1.0" encoding="UTF-8"?>

<OperationDefinition xmlns="http://hl7.org/fhir">
  <id value="Task-stop"/>
  <text>
    <status value="generated"/>
    <div xmlns="http://www.w3.org/1999/xhtml">
      <h2>Stop Task</h2>
      <p>OPERATION: Stop Task</p>
      <div>
        <p>Stop processing the task.  The task is returned to the ready state.</p>

      </div>
      <p>URL: [base]/Task/[id]/$stop</p>
      <p>Parameters</p>
      <table class="grid">
        <tr>
          <td>
            <b>Use</b>
          </td>
          <td>
            <b>Name</b>
          </td>
          <td>
            <b>Cardinality</b>
          </td>
          <td>
            <b>Type</b>
          </td>
          <td>
            <b>Binding</b>
          </td>
          <td>
            <b>Documentation</b>
          </td>
        </tr>
      </table>
    </div>
  </text>
  <url value="http://hl7.org/fhir/OperationDefinition/Task-stop"/>
  <name value="Stop Task"/>
  <status value="draft"/>
  <kind value="operation"/>
  <date value="2016-10-21T22:27:16+00:00"/>
  <publisher value="HL7 (FHIR Project)"/>
  <contact>
    <telecom>
      <system value="other"/>
      <value value="http://hl7.org/fhir"/>
    </telecom>
    <telecom>
      <system value="email"/>
      <value value="fhir@lists.hl7.org"/>
    </telecom>
  </contact>
  <description value="Stop processing the task.  The task is returned to the ready state."/>
  <code value="stop"/>
  <resource value="Task"/>
  <system value="false"/>
  <type value="false"/>
  <instance value="true"/>
</OperationDefinition>