<?xml version="1.0" encoding="UTF-8"?><Procedure xmlns="http://hl7.org/fhir">
  <id value="f003"/>
    <text><status value="generated"/><div xmlns="http://www.w3.org/1999/xhtml"><p><b>Generated Narrative with Details</b></p><p><b>id</b>: f003</p><p><b>subject</b>: <a>P. van de Heuvel</a></p><p><b>status</b>: completed</p><p><b>code</b>: Incision of retropharyngeal abscess <span>(Details : {SNOMED CT code &#39;172960003&#39; = &#39;Incision of retropharyngeal abscess (procedure)&#39;, given as &#39;Incision of retropharyngeal abscess&#39;})</span></p><p><b>bodySite</b>: Retropharyngeal area <span>(Details : {SNOMED CT code &#39;83030008&#39; = &#39;Structure of retropharyngeal area (body structure)&#39;, given as &#39;Retropharyngeal area&#39;})</span></p><p><b>reasonCode</b>: abcess in retropharyngeal area <span>(Details )</span></p><h3>Performers</h3><table><tr><td>-</td><td><b>Actor</b></td><td><b>Role</b></td></tr><tr><td>*</td><td><a>E.M.J.M. van den broek</a></td><td>Care role <span>(Details : {urn:oid:2.16.840.1.113883.2.4.15.111 code &#39;01.000&#39; = &#39;01.000&#39;, given as &#39;Arts&#39;})</span></td></tr></table><p><b>performed</b>: Mar 24, 2013 9:30:10 AM --&gt; Mar 24, 2013 10:30:10 AM</p><p><b>encounter</b>: <a>Encounter/f003</a></p><p><b>outcome</b>: removal of the retropharyngeal abscess <span>(Details )</span></p><p><b>report</b>: <a>Lab results blood test</a></p><p><b>followUp</b>: described in care plan <span>(Details )</span></p></div></text><subject>
        <reference value="Patient/f001"/>
        <display value="P. van de Heuvel"/>
    </subject>
    <status value="completed"/>
    <code>
        <coding>
            <system value="http://snomed.info/sct"/>
            <code value="172960003"/>
            <display value="Incision of retropharyngeal abscess"/>
        </coding>
    </code>
    <bodySite>
       
            <coding>
                <system value="http://snomed.info/sct"/>
                <code value="83030008"/>
                <display value="Retropharyngeal area"/>
            </coding>
        
    </bodySite>
    <reasonCode>
      <text value="abcess in retropharyngeal area"/>
    </reasonCode>
    <performer>
        <actor>
            <reference value="Practitioner/f001"/>
            <display value="E.M.J.M. van den broek"/>
        </actor>
        <role>
            <coding>
                <system value="urn:oid:2.16.840.1.113883.2.4.15.111"/> <!--   "AssignedRoleType" coding system   -->
                <code value="01.000"/>
                <display value="Arts"/>
            </coding>
            <text value="Care role"/>
        </role>
    </performer>
    <performedPeriod>
        <start value="2013-03-24T09:30:10+01:00"/>
        <end value="2013-03-24T10:30:10+01:00"/>
    </performedPeriod>
    <encounter>
        <reference value="Encounter/f003"/>
    </encounter>
    <outcome>
      <text value="removal of the retropharyngeal abscess"/>
    </outcome>
    <report>
        <reference value="DiagnosticReport/f001"/>
        <display value="Lab results blood test"/>
    </report>
    <followUp>
      <text value="described in care plan"/>
    </followUp>
</Procedure>