<?xml version="1.0" encoding="UTF-8"?><Procedure xmlns="http://hl7.org/fhir">
  <id value="f002"/>
    <text><status value="generated"/><div xmlns="http://www.w3.org/1999/xhtml"><p><b>Generated Narrative with Details</b></p><p><b>id</b>: f002</p><p><b>subject</b>: <a>P. van de Heuvel</a></p><p><b>status</b>: completed</p><p><b>code</b>: Partial lobectomy of lung <span>(Details : {SNOMED CT code &#39;359615001&#39; = &#39;Partial lobectomy of lung (procedure)&#39;, given as &#39;Partial lobectomy of lung&#39;})</span></p><p><b>bodySite</b>: Lung structure <span>(Details : {SNOMED CT code &#39;39607008&#39; = &#39;Lung structure (body structure)&#39;, given as &#39;Lung structure&#39;})</span></p><p><b>reasonCode</b>: Malignant tumor of lung <span>(Details )</span></p><h3>Performers</h3><table><tr><td>-</td><td><b>Actor</b></td><td><b>Role</b></td></tr><tr><td>*</td><td><a>M.I.M. Versteegh</a></td><td>Care role <span>(Details : {urn:oid:2.16.840.1.113883.2.4.15.111 code &#39;01.000&#39; = &#39;01.000&#39;, given as &#39;Arts&#39;})</span></td></tr></table><p><b>performed</b>: Mar 8, 2013 9:00:10 AM --&gt; Mar 8, 2013 9:30:10 AM</p><p><b>encounter</b>: <a>Encounter/f002</a></p><p><b>outcome</b>: improved blood circulation <span>(Details )</span></p><p><b>report</b>: <a>Lab results blood test</a></p><p><b>followUp</b>: described in care plan <span>(Details )</span></p></div></text><subject>
        <reference value="Patient/f001"/>
        <display value="P. van de Heuvel"/>
    </subject>
    <status value="completed"/>
    <code>
        <coding>
            <system value="http://snomed.info/sct"/>
            <code value="359615001"/>
            <display value="Partial lobectomy of lung"/>
        </coding>
    </code>
    <bodySite>
        
            <coding>
                <system value="http://snomed.info/sct"/>
                <code value="39607008"/>
                <display value="Lung structure"/>
            </coding>
        
    </bodySite>
    <reasonCode>
      <text value="Malignant tumor of lung"/>
    </reasonCode>
    <performer>
        <actor>
            <reference value="Practitioner/f003"/>
            <display value="M.I.M. Versteegh"/>
        </actor>
        <role>
            <coding>
                <system value="urn:oid:2.16.840.1.113883.2.4.15.111"/> <!--   "AssignedRoleType" coding system   -->
                <code value="01.000"/>
                <display value="Arts"/>
            </coding>
            <text value="Care role"/>
        </role>
    </performer>
    <performedPeriod>
        <start value="2013-03-08T09:00:10+01:00"/>
        <end value="2013-03-08T09:30:10+01:00"/>
    </performedPeriod>
    <encounter>
        <reference value="Encounter/f002"/>
    </encounter>
    <outcome>
      <text value="improved blood circulation"/>
    </outcome>
    <report>
        <reference value="DiagnosticReport/f001"/>
        <display value="Lab results blood test"/>
    </report>
    <followUp>
      <text value="described in care plan"/>
    </followUp>
</Procedure>