{
  "resourceType": "ConceptMap",
  "id": "cm-address-use-v2",
  "text": {
    "status": "generated",
    "div": "<div xmlns=\"http://www.w3.org/1999/xhtml\"><h2>v2 map for AddressUse (http://hl7.org/fhir/ConceptMap/cm-address-use-v2)</h2><p>Mapping from <a href=\"valueset-address-use.html\">http://hl7.org/fhir/ValueSet/address-use</a> to <a href=\"v2/0190/index.html\">http://hl7.org/fhir/ValueSet/v2-0190</a></p><p>DRAFT. Published on Oct 21, 2016 10:27:16 PM by HL7 (FHIR Project) (<a href=\"http://hl7.org/fhir\">http://hl7.org/fhir</a>, <a href=\"mailto:fhir@lists.hl7.org\">fhir@lists.hl7.org</a>; ). </p><br/><table class=\"grid\"><tr><td><b>Source Code</b></td><td><b>Equivalence</b></td><td><b>Destination Code</b></td><td><b>Comments</b></td></tr><tr><td>home (Home)</td><td>equivalent</td><td>H (Home)</td><td/></tr><tr><td>work (Work)</td><td>equivalent</td><td>O (Office/Business)</td><td/></tr><tr><td>temp (Temporary)</td><td>equivalent</td><td>C (Current Or Temporary)</td><td/></tr><tr><td>old (Old / Incorrect)</td><td>wider</td><td>BA (Bad address)</td><td>unclear about old addresses</td></tr></table></div>"
  },
  "url": "http://hl7.org/fhir/ConceptMap/cm-address-use-v2",
  "name": "v2 map for AddressUse",
  "status": "draft",
  "publisher": "HL7 (FHIR Project)",
  "contact": [
    {
      "telecom": [
        {
          "system": "other",
          "value": "http://hl7.org/fhir"
        },
        {
          "system": "email",
          "value": "fhir@lists.hl7.org"
        }
      ]
    }
  ],
  "date": "2016-10-21T22:27:16+00:00",
  "sourceReference": {
    "reference": "http://hl7.org/fhir/ValueSet/address-use"
  },
  "targetReference": {
    "reference": "http://hl7.org/fhir/ValueSet/v2-0190"
  },
  "group": [
    {
      "source": "http://hl7.org/fhir/address-use",
      "target": "http://hl7.org/fhir/v2/0190",
      "element": [
        {
          "code": "home",
          "target": [
            {
              "code": "H",
              "equivalence": "equivalent"
            }
          ]
        },
        {
          "code": "work",
          "target": [
            {
              "code": "O",
              "equivalence": "equivalent"
            }
          ]
        },
        {
          "code": "temp",
          "target": [
            {
              "code": "C",
              "equivalence": "equivalent"
            }
          ]
        },
        {
          "code": "old",
          "target": [
            {
              "code": "BA",
              "equivalence": "wider",
              "comments": "unclear about old addresses"
            }
          ]
        }
      ]
    }
  ]
}