{
  "resourceType": "CodeSystem",
  "id": "object-lifecycle",
  "meta": {
    "lastUpdated": "2016-10-21T22:27:16.566+00:00"
  },
  "text": {
    "status": "generated",
    "div": "<div xmlns=\"http://www.w3.org/1999/xhtml\"><h2>AuditEventEntityLifecycle</h2><div><p>Identifier for the data life-cycle stage for the entity.</p>\n</div><p>This code system http://hl7.org/fhir/object-lifecycle defines the following codes:</p><table class=\"codes\"><tr><td><b>Code</b></td><td><b>Display</b></td><td><b>Definition</b></td></tr><tr><td>1<a name=\"object-lifecycle-1\"> </a></td><td>Origination, Creation</td><td>Origination, Creation</td></tr><tr><td>2<a name=\"object-lifecycle-2\"> </a></td><td>Import / Copy</td><td>Import / Copy</td></tr><tr><td>3<a name=\"object-lifecycle-3\"> </a></td><td>Amendment</td><td>Amendment</td></tr><tr><td>4<a name=\"object-lifecycle-4\"> </a></td><td>Verification</td><td>Verification</td></tr><tr><td>5<a name=\"object-lifecycle-5\"> </a></td><td>Translation</td><td>Translation</td></tr><tr><td>6<a name=\"object-lifecycle-6\"> </a></td><td>Access / Use</td><td>Access / Use</td></tr><tr><td>7<a name=\"object-lifecycle-7\"> </a></td><td>De-identification</td><td>De-identification</td></tr><tr><td>8<a name=\"object-lifecycle-8\"> </a></td><td>Aggregation, summarization, derivation</td><td>Aggregation, summarization, derivation</td></tr><tr><td>9<a name=\"object-lifecycle-9\"> </a></td><td>Report</td><td>Report</td></tr><tr><td>10<a name=\"object-lifecycle-10\"> </a></td><td>Export</td><td>Export</td></tr><tr><td>11<a name=\"object-lifecycle-11\"> </a></td><td>Disclosure</td><td>Disclosure</td></tr><tr><td>12<a name=\"object-lifecycle-12\"> </a></td><td>Receipt of disclosure</td><td>Receipt of disclosure</td></tr><tr><td>13<a name=\"object-lifecycle-13\"> </a></td><td>Archiving</td><td>Archiving</td></tr><tr><td>14<a name=\"object-lifecycle-14\"> </a></td><td>Logical deletion</td><td>Logical deletion</td></tr><tr><td>15<a name=\"object-lifecycle-15\"> </a></td><td>Permanent erasure / Physical destruction</td><td>Permanent erasure / Physical destruction</td></tr></table></div>"
  },
  "url": "http://hl7.org/fhir/object-lifecycle",
  "identifier": {
    "system": "urn:ietf:rfc:3986",
    "value": "urn:oid:2.16.840.1.113883.4.642.1.958"
  },
  "version": "1.7.0",
  "name": "AuditEventEntityLifecycle",
  "status": "draft",
  "experimental": false,
  "publisher": "HL7 (FHIR Project)",
  "contact": [
    {
      "telecom": [
        {
          "system": "other",
          "value": "http://hl7.org/fhir"
        },
        {
          "system": "email",
          "value": "fhir@lists.hl7.org"
        }
      ]
    }
  ],
  "date": "2016-10-21T22:27:16+00:00",
  "description": "Identifier for the data life-cycle stage for the entity.",
  "caseSensitive": true,
  "valueSet": "http://hl7.org/fhir/ValueSet/object-lifecycle",
  "content": "complete",
  "concept": [
    {
      "code": "1",
      "display": "Origination, Creation",
      "definition": "Origination, Creation"
    },
    {
      "code": "2",
      "display": "Import / Copy",
      "definition": "Import / Copy"
    },
    {
      "code": "3",
      "display": "Amendment",
      "definition": "Amendment"
    },
    {
      "code": "4",
      "display": "Verification",
      "definition": "Verification"
    },
    {
      "code": "5",
      "display": "Translation",
      "definition": "Translation"
    },
    {
      "code": "6",
      "display": "Access / Use",
      "definition": "Access / Use"
    },
    {
      "code": "7",
      "display": "De-identification",
      "definition": "De-identification"
    },
    {
      "code": "8",
      "display": "Aggregation, summarization, derivation",
      "definition": "Aggregation, summarization, derivation"
    },
    {
      "code": "9",
      "display": "Report",
      "definition": "Report"
    },
    {
      "code": "10",
      "display": "Export",
      "definition": "Export"
    },
    {
      "code": "11",
      "display": "Disclosure",
      "definition": "Disclosure"
    },
    {
      "code": "12",
      "display": "Receipt of disclosure",
      "definition": "Receipt of disclosure"
    },
    {
      "code": "13",
      "display": "Archiving",
      "definition": "Archiving"
    },
    {
      "code": "14",
      "display": "Logical deletion",
      "definition": "Logical deletion"
    },
    {
      "code": "15",
      "display": "Permanent erasure / Physical destruction",
      "definition": "Permanent erasure / Physical destruction"
    }
  ]
}