{
  "resourceType": "CodeSystem",
  "id": "compartment-type",
  "meta": {
    "lastUpdated": "2016-10-21T22:27:16.566+00:00"
  },
  "text": {
    "status": "generated",
    "div": "<div xmlns=\"http://www.w3.org/1999/xhtml\"><h2>CompartmentType</h2><div><p>Which compartment a compartmnet definition describes</p>\n</div><p>This code system http://hl7.org/fhir/compartment-type defines the following codes:</p><table class=\"codes\"><tr><td><b>Code</b></td><td><b>Display</b></td><td><b>Definition</b></td></tr><tr><td>Patient<a name=\"compartment-type-Patient\"> </a></td><td>Patient</td><td>The compartment definition is for the patient compartment</td></tr><tr><td>Encounter<a name=\"compartment-type-Encounter\"> </a></td><td>Encounter</td><td>The compartment definition is for the encounter compartment</td></tr><tr><td>RelatedPerson<a name=\"compartment-type-RelatedPerson\"> </a></td><td>RelatedPerson</td><td>The compartment definition is for the related-person compartment</td></tr><tr><td>Practitioner<a name=\"compartment-type-Practitioner\"> </a></td><td>Practitioner</td><td>The compartment definition is for the practitioner compartment</td></tr><tr><td>Device<a name=\"compartment-type-Device\"> </a></td><td>Device</td><td>The compartment definition is for the device compartment</td></tr></table></div>"
  },
  "url": "http://hl7.org/fhir/compartment-type",
  "identifier": {
    "system": "urn:ietf:rfc:3986",
    "value": "urn:oid:2.16.840.1.113883.4.642.1.551"
  },
  "version": "1.7.0",
  "name": "CompartmentType",
  "status": "draft",
  "experimental": false,
  "publisher": "HL7 (FHIR Project)",
  "contact": [
    {
      "telecom": [
        {
          "system": "other",
          "value": "http://hl7.org/fhir"
        },
        {
          "system": "email",
          "value": "fhir@lists.hl7.org"
        }
      ]
    }
  ],
  "date": "2016-10-21T22:27:16+00:00",
  "description": "Which compartment a compartmnet definition describes",
  "caseSensitive": true,
  "valueSet": "http://hl7.org/fhir/ValueSet/compartment-type",
  "content": "complete",
  "concept": [
    {
      "code": "Patient",
      "display": "Patient",
      "definition": "The compartment definition is for the patient compartment"
    },
    {
      "code": "Encounter",
      "display": "Encounter",
      "definition": "The compartment definition is for the encounter compartment"
    },
    {
      "code": "RelatedPerson",
      "display": "RelatedPerson",
      "definition": "The compartment definition is for the related-person compartment"
    },
    {
      "code": "Practitioner",
      "display": "Practitioner",
      "definition": "The compartment definition is for the practitioner compartment"
    },
    {
      "code": "Device",
      "display": "Device",
      "definition": "The compartment definition is for the device compartment"
    }
  ]
}