{
  "resourceType": "CodeSystem",
  "id": "allergy-intolerance-status",
  "meta": {
    "lastUpdated": "2016-10-21T22:27:16.566+00:00"
  },
  "text": {
    "status": "generated",
    "div": "<div xmlns=\"http://www.w3.org/1999/xhtml\"><h2>AllergyIntoleranceStatus</h2><div><p>Assertion about certainty associated with a propensity, or potential risk, of a reaction to the identified substance.</p>\n</div><p>This code system http://hl7.org/fhir/allergy-intolerance-status defines the following codes:</p><table class=\"codes\"><tr><td><b>Lvl</b></td><td><b>Code</b></td><td><b>Display</b></td><td><b>Definition</b></td></tr><tr><td>1</td><td>active<a name=\"allergy-intolerance-status-active\"> </a></td><td>Active</td><td>An active record of a risk of a reaction to the identified substance.</td></tr><tr><td>2</td><td>  active-confirmed<a name=\"allergy-intolerance-status-active-confirmed\"> </a></td><td>Active Confirmed</td><td>A high level of certainty about the propensity for a reaction to the identified substance, which may include clinical evidence by testing or rechallenge.</td></tr><tr><td>1</td><td>inactive<a name=\"allergy-intolerance-status-inactive\"> </a></td><td>Inactive</td><td>An inactivated record of a risk of a reaction to the identified substance</td></tr><tr><td>2</td><td>  resolved<a name=\"allergy-intolerance-status-resolved\"> </a></td><td>Resolved</td><td>A reaction to the identified substance has been clinically reassessed by testing or re-exposure and considered to be resolved</td></tr><tr><td>2</td><td>  refuted<a name=\"allergy-intolerance-status-refuted\"> </a></td><td>Refuted</td><td>A propensity for a reaction to the identified substance has been disproven with a high level of clinical certainty, which may include testing or rechallenge, and is refuted.</td></tr><tr><td>2</td><td>  entered-in-error<a name=\"allergy-intolerance-status-entered-in-error\"> </a></td><td>Entered In Error</td><td>The statement was entered in error and is not valid.</td></tr></table></div>"
  },
  "url": "http://hl7.org/fhir/allergy-intolerance-status",
  "identifier": {
    "system": "urn:ietf:rfc:3986",
    "value": "urn:oid:2.16.840.1.113883.4.642.1.50"
  },
  "version": "1.7.0",
  "name": "AllergyIntoleranceStatus",
  "status": "draft",
  "experimental": false,
  "publisher": "HL7 (FHIR Project)",
  "contact": [
    {
      "telecom": [
        {
          "system": "other",
          "value": "http://hl7.org/fhir"
        },
        {
          "system": "email",
          "value": "fhir@lists.hl7.org"
        }
      ]
    }
  ],
  "date": "2016-10-21T22:27:16+00:00",
  "description": "Assertion about certainty associated with a propensity, or potential risk, of a reaction to the identified substance.",
  "caseSensitive": true,
  "valueSet": "http://hl7.org/fhir/ValueSet/allergy-intolerance-status",
  "content": "complete",
  "concept": [
    {
      "code": "active",
      "display": "Active",
      "definition": "An active record of a risk of a reaction to the identified substance.",
      "concept": [
        {
          "code": "active-confirmed",
          "display": "Active Confirmed",
          "definition": "A high level of certainty about the propensity for a reaction to the identified substance, which may include clinical evidence by testing or rechallenge."
        }
      ]
    },
    {
      "code": "inactive",
      "display": "Inactive",
      "definition": "An inactivated record of a risk of a reaction to the identified substance",
      "concept": [
        {
          "code": "resolved",
          "display": "Resolved",
          "definition": "A reaction to the identified substance has been clinically reassessed by testing or re-exposure and considered to be resolved"
        },
        {
          "code": "refuted",
          "display": "Refuted",
          "definition": "A propensity for a reaction to the identified substance has been disproven with a high level of clinical certainty, which may include testing or rechallenge, and is refuted."
        },
        {
          "code": "entered-in-error",
          "display": "Entered In Error",
          "definition": "The statement was entered in error and is not valid."
        }
      ]
    }
  ]
}