{
  "resourceType": "CodeSystem",
  "id": "claim-careteamrole",
  "meta": {
    "lastUpdated": "2016-10-21T22:27:16.566+00:00",
    "profile": [
      "http://hl7.org/fhir/StructureDefinition/codesystem-shareable-definition"
    ]
  },
  "text": {
    "status": "generated",
    "div": "<div xmlns=\"http://www.w3.org/1999/xhtml\"><h2>Claim Care Team Role Codes</h2><div><p>This value set includes sample Claim Care Team Role codes.</p>\n</div><p><b>Copyright Statement:</b> This is an example set.</p><p>This code system http://hl7.org/fhir/claimcareteamrole defines the following codes:</p><table class=\"codes\"><tr><td><b>Code</b></td><td><b>Display</b></td><td><b>Definition</b></td></tr><tr><td>primary<a name=\"claim-careteamrole-primary\"> </a></td><td>Primary provider</td><td>The primary care provider.</td></tr><tr><td>assist<a name=\"claim-careteamrole-assist\"> </a></td><td>Assisting Provider</td><td>Assisting care provider.</td></tr><tr><td>supervisor<a name=\"claim-careteamrole-supervisor\"> </a></td><td>Supervising Provider</td><td>Supervising care provider.</td></tr><tr><td>other<a name=\"claim-careteamrole-other\"> </a></td><td>Other</td><td>Other role on the care team.</td></tr></table></div>"
  },
  "url": "http://hl7.org/fhir/claimcareteamrole",
  "identifier": {
    "system": "urn:ietf:rfc:3986",
    "value": "urn:oid:2.16.840.1.113883.4.642.1.892"
  },
  "version": "1.7.0",
  "name": "Claim Care Team Role Codes",
  "status": "draft",
  "experimental": true,
  "publisher": "Financial Management",
  "contact": [
    {
      "telecom": [
        {
          "system": "other",
          "value": "http://hl7.org/fhir"
        }
      ]
    }
  ],
  "description": "This value set includes sample Claim Care Team Role codes.",
  "copyright": "This is an example set.",
  "caseSensitive": true,
  "valueSet": "http://hl7.org/fhir/ValueSet/claim-careteamrole",
  "content": "complete",
  "concept": [
    {
      "code": "primary",
      "display": "Primary provider",
      "definition": "The primary care provider."
    },
    {
      "code": "assist",
      "display": "Assisting Provider",
      "definition": "Assisting care provider."
    },
    {
      "code": "supervisor",
      "display": "Supervising Provider",
      "definition": "Supervising care provider."
    },
    {
      "code": "other",
      "display": "Other",
      "definition": "Other role on the care team."
    }
  ]
}