{
  "resourceType": "CodeSystem",
  "id": "occurrence-codes",
  "meta": {
    "lastUpdated": "2016-10-21T22:27:16.566+00:00",
    "profile": [
      "http://hl7.org/fhir/StructureDefinition/codesystem-shareable-definition"
    ]
  },
  "text": {
    "status": "generated",
    "div": "<div xmlns=\"http://www.w3.org/1999/xhtml\"><h2>Example Occurrance Codes</h2><div><p>This value set includes sample Occurrance codes.</p>\n</div><p><b>Copyright Statement:</b> This is an example set.</p><p>This code system http://hl7.org/fhir/ex-claimoccurrance defines the following codes:</p><table class=\"codes\"><tr><td><b>Code</b></td><td><b>Display</b></td><td><b>Definition</b></td></tr><tr><td>1001<a name=\"occurrence-codes-1001\"> </a></td><td>Occurrance 1001</td><td>Occurrance 1001 description.</td></tr><tr><td>1002<a name=\"occurrence-codes-1002\"> </a></td><td>Occurrance 1002</td><td>Occurrance 1002 description.</td></tr></table></div>"
  },
  "url": "http://hl7.org/fhir/ex-claimoccurrance",
  "identifier": {
    "system": "urn:ietf:rfc:3986",
    "value": "urn:oid:2.16.840.1.113883.4.642.1.528"
  },
  "version": "1.7.0",
  "name": "Example Occurrance Codes",
  "status": "draft",
  "experimental": true,
  "publisher": "Financial Management",
  "contact": [
    {
      "telecom": [
        {
          "system": "other",
          "value": "http://hl7.org/fhir"
        }
      ]
    }
  ],
  "description": "This value set includes sample Occurrance codes.",
  "copyright": "This is an example set.",
  "caseSensitive": true,
  "valueSet": "http://hl7.org/fhir/ValueSet/occurrence-codes",
  "content": "complete",
  "concept": [
    {
      "code": "1001",
      "display": "Occurrance 1001",
      "definition": "Occurrance 1001 description."
    },
    {
      "code": "1002",
      "display": "Occurrance 1002",
      "definition": "Occurrance 1002 description."
    }
  ]
}