{
  "resourceType": "CodeSystem",
  "id": "conditional-read-status",
  "meta": {
    "lastUpdated": "2016-10-21T22:27:16.566+00:00"
  },
  "text": {
    "status": "generated",
    "div": "<div xmlns=\"http://www.w3.org/1999/xhtml\"><h2>ConditionalReadStatus</h2><div><p>A code that indicates how the server supports conditional read.</p>\n</div><p>This code system http://hl7.org/fhir/conditional-read-status defines the following codes:</p><table class=\"codes\"><tr><td><b>Code</b></td><td><b>Display</b></td><td><b>Definition</b></td></tr><tr><td>not-supported<a name=\"conditional-read-status-not-supported\"> </a></td><td>Not Supported</td><td>No support for conditional deletes.</td></tr><tr><td>modified-since<a name=\"conditional-read-status-modified-since\"> </a></td><td>If-Modified-Since</td><td>Conditional reads are supported, but only with the If-Modified-Since HTTP Header.</td></tr><tr><td>not-match<a name=\"conditional-read-status-not-match\"> </a></td><td>If-None-Match</td><td>Conditional reads are supported, but only with the If-None-Match HTTP Header.</td></tr><tr><td>full-support<a name=\"conditional-read-status-full-support\"> </a></td><td>Full Support</td><td>Conditional reads are supported, with both If-Modified-Since and If-None-Match HTTP Headers.</td></tr></table></div>"
  },
  "url": "http://hl7.org/fhir/conditional-read-status",
  "identifier": {
    "system": "urn:ietf:rfc:3986",
    "value": "urn:oid:2.16.840.1.113883.4.642.1.939"
  },
  "version": "1.7.0",
  "name": "ConditionalReadStatus",
  "status": "draft",
  "experimental": false,
  "publisher": "HL7 (FHIR Project)",
  "contact": [
    {
      "telecom": [
        {
          "system": "other",
          "value": "http://hl7.org/fhir"
        },
        {
          "system": "email",
          "value": "fhir@lists.hl7.org"
        }
      ]
    }
  ],
  "date": "2016-10-21T22:27:16+00:00",
  "description": "A code that indicates how the server supports conditional read.",
  "caseSensitive": true,
  "valueSet": "http://hl7.org/fhir/ValueSet/conditional-read-status",
  "content": "complete",
  "concept": [
    {
      "code": "not-supported",
      "display": "Not Supported",
      "definition": "No support for conditional deletes."
    },
    {
      "code": "modified-since",
      "display": "If-Modified-Since",
      "definition": "Conditional reads are supported, but only with the If-Modified-Since HTTP Header."
    },
    {
      "code": "not-match",
      "display": "If-None-Match",
      "definition": "Conditional reads are supported, but only with the If-None-Match HTTP Header."
    },
    {
      "code": "full-support",
      "display": "Full Support",
      "definition": "Conditional reads are supported, with both If-Modified-Since and If-None-Match HTTP Headers."
    }
  ]
}