{
  "resourceType": "CodeSystem",
  "id": "measure-data-usage",
  "meta": {
    "lastUpdated": "2016-10-21T22:27:16.566+00:00"
  },
  "text": {
    "status": "generated",
    "div": "<div xmlns=\"http://www.w3.org/1999/xhtml\"><h2>MeasureDataUsage</h2><div><p>The intended usage for supplemental data elements in the measure</p>\n</div><p>This code system http://hl7.org/fhir/measure-data-usage defines the following codes:</p><table class=\"codes\"><tr><td><b>Code</b></td><td><b>Display</b></td><td><b>Definition</b></td></tr><tr><td>supplemental-data<a name=\"measure-data-usage-supplemental-data\"> </a></td><td>Supplemental Data</td><td>The data is intended to be provided as additional information alongside the measure results</td></tr><tr><td>risk-adjustment-factor<a name=\"measure-data-usage-risk-adjustment-factor\"> </a></td><td>Risk Adjustment Factor</td><td>The data is intended to be used to calculate and apply a risk adjustment model for the measure</td></tr></table></div>"
  },
  "url": "http://hl7.org/fhir/measure-data-usage",
  "identifier": {
    "system": "urn:ietf:rfc:3986",
    "value": "urn:oid:2.16.840.1.113883.4.642.1.905"
  },
  "version": "1.7.0",
  "name": "MeasureDataUsage",
  "status": "draft",
  "experimental": false,
  "publisher": "HL7 (FHIR Project)",
  "contact": [
    {
      "telecom": [
        {
          "system": "other",
          "value": "http://hl7.org/fhir"
        },
        {
          "system": "email",
          "value": "fhir@lists.hl7.org"
        }
      ]
    }
  ],
  "date": "2016-10-21T22:27:16+00:00",
  "description": "The intended usage for supplemental data elements in the measure",
  "caseSensitive": true,
  "valueSet": "http://hl7.org/fhir/ValueSet/measure-data-usage",
  "content": "complete",
  "concept": [
    {
      "code": "supplemental-data",
      "display": "Supplemental Data",
      "definition": "The data is intended to be provided as additional information alongside the measure results"
    },
    {
      "code": "risk-adjustment-factor",
      "display": "Risk Adjustment Factor",
      "definition": "The data is intended to be used to calculate and apply a risk adjustment model for the measure"
    }
  ]
}