{
  "resourceType": "CodeSystem",
  "id": "additionalmaterials",
  "meta": {
    "lastUpdated": "2016-10-21T22:27:16.566+00:00",
    "profile": [
      "http://hl7.org/fhir/StructureDefinition/codesystem-shareable-definition"
    ]
  },
  "text": {
    "status": "generated",
    "div": "<div xmlns=\"http://www.w3.org/1999/xhtml\"><h2>Additional Material Codes</h2><div><p>This value set includes sample additional material type codes.</p>\n</div><p><b>Copyright Statement:</b> This is an example set.</p><p>This code system http://hl7.org/fhir/additionalmaterials defines the following codes:</p><table class=\"codes\"><tr><td><b>Code</b></td><td><b>Display</b></td><td><b>Definition</b></td></tr><tr><td>xray<a name=\"additionalmaterials-xray\"> </a></td><td>XRay</td><td>XRay</td></tr><tr><td>image<a name=\"additionalmaterials-image\"> </a></td><td>Image</td><td>Image</td></tr><tr><td>email<a name=\"additionalmaterials-email\"> </a></td><td>Email</td><td>Email</td></tr><tr><td>model<a name=\"additionalmaterials-model\"> </a></td><td>Model</td><td>Model</td></tr><tr><td>document<a name=\"additionalmaterials-document\"> </a></td><td>Document</td><td>Document</td></tr><tr><td>other<a name=\"additionalmaterials-other\"> </a></td><td>Other</td><td>Other</td></tr></table></div>"
  },
  "url": "http://hl7.org/fhir/additionalmaterials",
  "identifier": {
    "system": "urn:ietf:rfc:3986",
    "value": "urn:oid:2.16.840.1.113883.4.642.1.306"
  },
  "version": "1.7.0",
  "name": "Additional Material Codes",
  "status": "draft",
  "experimental": true,
  "publisher": "Financial Management",
  "contact": [
    {
      "telecom": [
        {
          "system": "other",
          "value": "http://hl7.org/fhir"
        }
      ]
    }
  ],
  "description": "This value set includes sample additional material type codes.",
  "copyright": "This is an example set.",
  "caseSensitive": true,
  "valueSet": "http://hl7.org/fhir/ValueSet/additionalmaterials",
  "content": "complete",
  "concept": [
    {
      "code": "xray",
      "display": "XRay",
      "definition": "XRay"
    },
    {
      "code": "image",
      "display": "Image",
      "definition": "Image"
    },
    {
      "code": "email",
      "display": "Email",
      "definition": "Email"
    },
    {
      "code": "model",
      "display": "Model",
      "definition": "Model"
    },
    {
      "code": "document",
      "display": "Document",
      "definition": "Document"
    },
    {
      "code": "other",
      "display": "Other",
      "definition": "Other"
    }
  ]
}