{
  "resourceType": "CodeSystem",
  "id": "versioning-policy",
  "meta": {
    "lastUpdated": "2016-10-21T22:27:16.566+00:00"
  },
  "text": {
    "status": "generated",
    "div": "<div xmlns=\"http://www.w3.org/1999/xhtml\"><h2>ResourceVersionPolicy</h2><div><p>How the system supports versioning for a resource.</p>\n</div><p>This code system http://hl7.org/fhir/versioning-policy defines the following codes:</p><table class=\"codes\"><tr><td><b>Code</b></td><td><b>Display</b></td><td><b>Definition</b></td></tr><tr><td>no-version<a name=\"versioning-policy-no-version\"> </a></td><td>No VersionId Support</td><td>VersionId meta-property is not supported (server) or used (client).</td></tr><tr><td>versioned<a name=\"versioning-policy-versioned\"> </a></td><td>Versioned</td><td>VersionId meta-property is supported (server) or used (client).</td></tr><tr><td>versioned-update<a name=\"versioning-policy-versioned-update\"> </a></td><td>VersionId tracked fully</td><td>VersionId is must be correct for updates (server) or will be specified (If-match header) for updates (client).</td></tr></table></div>"
  },
  "url": "http://hl7.org/fhir/versioning-policy",
  "identifier": {
    "system": "urn:ietf:rfc:3986",
    "value": "urn:oid:2.16.840.1.113883.4.642.1.89"
  },
  "version": "1.7.0",
  "name": "ResourceVersionPolicy",
  "status": "draft",
  "experimental": false,
  "publisher": "HL7 (FHIR Project)",
  "contact": [
    {
      "telecom": [
        {
          "system": "other",
          "value": "http://hl7.org/fhir"
        },
        {
          "system": "email",
          "value": "fhir@lists.hl7.org"
        }
      ]
    }
  ],
  "date": "2016-10-21T22:27:16+00:00",
  "description": "How the system supports versioning for a resource.",
  "caseSensitive": true,
  "valueSet": "http://hl7.org/fhir/ValueSet/versioning-policy",
  "content": "complete",
  "concept": [
    {
      "code": "no-version",
      "display": "No VersionId Support",
      "definition": "VersionId meta-property is not supported (server) or used (client)."
    },
    {
      "code": "versioned",
      "display": "Versioned",
      "definition": "VersionId meta-property is supported (server) or used (client)."
    },
    {
      "code": "versioned-update",
      "display": "VersionId tracked fully",
      "definition": "VersionId is must be correct for updates (server) or will be specified (If-match header) for updates (client)."
    }
  ]
}