{
  "resourceType": "CodeSystem",
  "id": "system-version-processing-mode",
  "meta": {
    "lastUpdated": "2016-10-21T22:27:16.566+00:00"
  },
  "text": {
    "status": "generated",
    "div": "<div xmlns=\"http://www.w3.org/1999/xhtml\"><h2>SystemVersionProcessingMode</h2><div><p>How to manage the intersection between a fixed version in a value set, and a fixed version of the system in the expansion profile</p>\n</div><p>This code system http://hl7.org/fhir/system-version-processing-mode defines the following codes:</p><table class=\"codes\"><tr><td><b>Code</b></td><td><b>Display</b></td><td><b>Definition</b></td></tr><tr><td>default<a name=\"system-version-processing-mode-default\"> </a></td><td>Default Version</td><td>Use this version of the code system if a value set doesn't specify a version</td></tr><tr><td>check<a name=\"system-version-processing-mode-check\"> </a></td><td>Check ValueSet Version</td><td>Use this version of the code system. If a value set specifies a different version, the expansion operation should fail</td></tr><tr><td>override<a name=\"system-version-processing-mode-override\"> </a></td><td>Override ValueSet Version</td><td>Use this version of the code system irrespective of which version is specified by a value set. Note that this has obvious safety issues, in that it may result in a value set expansion giving a different list of codes that is both wrong and unsafe, and implementers should only use this capability reluctantly. It primarily exists to deal with situations where specifications have fallen into decay as time passes</td></tr></table></div>"
  },
  "url": "http://hl7.org/fhir/system-version-processing-mode",
  "identifier": {
    "system": "urn:ietf:rfc:3986",
    "value": "urn:oid:2.16.840.1.113883.4.642.1.0"
  },
  "version": "1.7.0",
  "name": "SystemVersionProcessingMode",
  "status": "draft",
  "experimental": false,
  "publisher": "HL7 (FHIR Project)",
  "contact": [
    {
      "telecom": [
        {
          "system": "other",
          "value": "http://hl7.org/fhir"
        },
        {
          "system": "email",
          "value": "fhir@lists.hl7.org"
        }
      ]
    }
  ],
  "date": "2016-10-21T22:27:16+00:00",
  "description": "How to manage the intersection between a fixed version in a value set, and a fixed version of the system in the expansion profile",
  "caseSensitive": true,
  "valueSet": "http://hl7.org/fhir/ValueSet/system-version-processing-mode",
  "content": "complete",
  "concept": [
    {
      "code": "default",
      "display": "Default Version",
      "definition": "Use this version of the code system if a value set doesn't specify a version"
    },
    {
      "code": "check",
      "display": "Check ValueSet Version",
      "definition": "Use this version of the code system. If a value set specifies a different version, the expansion operation should fail"
    },
    {
      "code": "override",
      "display": "Override ValueSet Version",
      "definition": "Use this version of the code system irrespective of which version is specified by a value set. Note that this has obvious safety issues, in that it may result in a value set expansion giving a different list of codes that is both wrong and unsafe, and implementers should only use this capability reluctantly. It primarily exists to deal with situations where specifications have fallen into decay as time passes"
    }
  ]
}