{
  "resourceType": "CodeSystem",
  "id": "xds-relationship-type",
  "meta": {
    "lastUpdated": "2016-10-21T22:27:16.566+00:00"
  },
  "text": {
    "status": "generated",
    "div": "<div xmlns=\"http://www.w3.org/1999/xhtml\"><h2>XDSRelationshipType</h2><div><p>The kind of relationship between two XDS documents.</p>\n</div><p>This code system http://hl7.org/fhir/xds-relationship-type defines the following codes:</p><table class=\"codes\"><tr><td><b>Code</b></td><td><b>Display</b></td><td><b>Definition</b></td></tr><tr><td>APND<a name=\"xds-relationship-type-APND\"> </a></td><td>APND</td><td>A separate XDS document that references a prior document, and may extend or alter the observations in the prior document.</td></tr><tr><td>RPLC<a name=\"xds-relationship-type-RPLC\"> </a></td><td>RPLC</td><td>A new version of an existing document.</td></tr><tr><td>XFRM<a name=\"xds-relationship-type-XFRM\"> </a></td><td>XFRM</td><td>A transformed document is derived by a machine translation from some other format.</td></tr><tr><td>XFRM_RPLC<a name=\"xds-relationship-type-XFRM_RPLC\"> </a></td><td>XFRM_RPLC</td><td>Both a XFRM and a RPLC relationship.</td></tr><tr><td>signs<a name=\"xds-relationship-type-signs\"> </a></td><td>Signs</td><td>This document signs the target document.</td></tr></table></div>"
  },
  "url": "http://hl7.org/fhir/xds-relationship-type",
  "identifier": {
    "system": "urn:ietf:rfc:3986",
    "value": "urn:oid:2.16.840.1.113883.4.642.1.383"
  },
  "version": "1.7.0",
  "name": "XDSRelationshipType",
  "status": "draft",
  "experimental": false,
  "publisher": "HL7 (FHIR Project)",
  "contact": [
    {
      "telecom": [
        {
          "system": "other",
          "value": "http://hl7.org/fhir"
        },
        {
          "system": "email",
          "value": "fhir@lists.hl7.org"
        }
      ]
    }
  ],
  "date": "2016-10-21T22:27:16+00:00",
  "description": "The kind of relationship between two XDS documents.",
  "caseSensitive": true,
  "valueSet": "http://hl7.org/fhir/ValueSet/xds-relationship-type",
  "content": "complete",
  "concept": [
    {
      "code": "APND",
      "display": "APND",
      "definition": "A separate XDS document that references a prior document, and may extend or alter the observations in the prior document."
    },
    {
      "code": "RPLC",
      "display": "RPLC",
      "definition": "A new version of an existing document."
    },
    {
      "code": "XFRM",
      "display": "XFRM",
      "definition": "A transformed document is derived by a machine translation from some other format."
    },
    {
      "code": "XFRM_RPLC",
      "display": "XFRM_RPLC",
      "definition": "Both a XFRM and a RPLC relationship."
    },
    {
      "code": "signs",
      "display": "Signs",
      "definition": "This document signs the target document."
    }
  ]
}