{
  "resourceType": "CodeSystem",
  "id": "questionnaire-answers-status",
  "meta": {
    "lastUpdated": "2016-10-21T22:27:16.566+00:00"
  },
  "text": {
    "status": "generated",
    "div": "<div xmlns=\"http://www.w3.org/1999/xhtml\"><h2>QuestionnaireResponseStatus</h2><div><p>Lifecycle status of the questionnaire response.</p>\n</div><p>This code system http://hl7.org/fhir/questionnaire-answers-status defines the following codes:</p><table class=\"codes\"><tr><td><b>Code</b></td><td><b>Display</b></td><td><b>Definition</b></td></tr><tr><td>in-progress<a name=\"questionnaire-answers-status-in-progress\"> </a></td><td>In Progress</td><td>This QuestionnaireResponse has been partially filled out with answers, but changes or additions are still expected to be made to it.</td></tr><tr><td>completed<a name=\"questionnaire-answers-status-completed\"> </a></td><td>Completed</td><td>This QuestionnaireResponse has been filled out with answers, and the current content is regarded as definitive.</td></tr><tr><td>amended<a name=\"questionnaire-answers-status-amended\"> </a></td><td>Amended</td><td>This QuestionnaireResponse has been filled out with answers, then marked as complete, yet changes or additions have been made to it afterwards.</td></tr></table></div>"
  },
  "url": "http://hl7.org/fhir/questionnaire-answers-status",
  "identifier": {
    "system": "urn:ietf:rfc:3986",
    "value": "urn:oid:2.16.840.1.113883.4.642.1.258"
  },
  "version": "1.7.0",
  "name": "QuestionnaireResponseStatus",
  "status": "draft",
  "experimental": false,
  "publisher": "HL7 (FHIR Project)",
  "contact": [
    {
      "telecom": [
        {
          "system": "other",
          "value": "http://hl7.org/fhir"
        },
        {
          "system": "email",
          "value": "fhir@lists.hl7.org"
        }
      ]
    }
  ],
  "date": "2016-10-21T22:27:16+00:00",
  "description": "Lifecycle status of the questionnaire response.",
  "caseSensitive": true,
  "valueSet": "http://hl7.org/fhir/ValueSet/questionnaire-answers-status",
  "content": "complete",
  "concept": [
    {
      "code": "in-progress",
      "display": "In Progress",
      "definition": "This QuestionnaireResponse has been partially filled out with answers, but changes or additions are still expected to be made to it."
    },
    {
      "code": "completed",
      "display": "Completed",
      "definition": "This QuestionnaireResponse has been filled out with answers, and the current content is regarded as definitive."
    },
    {
      "code": "amended",
      "display": "Amended",
      "definition": "This QuestionnaireResponse has been filled out with answers, then marked as complete, yet changes or additions have been made to it afterwards."
    }
  ]
}