{
  "resourceType": "CodeSystem",
  "id": "service-pharmacy",
  "meta": {
    "lastUpdated": "2016-10-21T22:27:16.566+00:00",
    "profile": [
      "http://hl7.org/fhir/StructureDefinition/codesystem-shareable-definition"
    ]
  },
  "text": {
    "status": "generated",
    "div": "<div xmlns=\"http://www.w3.org/1999/xhtml\"><h2>Example Pharmacy Service Codes</h2><div><p>This value set includes a smattering of Pharmacy Service codes.</p>\n</div><p><b>Copyright Statement:</b> This is an example set.</p><p>This code system http://hl7.org/fhir/ex-pharmaservice defines the following codes:</p><table class=\"codes\"><tr><td><b>Code</b></td><td><b>Display</b></td><td><b>Definition</b></td></tr><tr><td>smokecess<a name=\"service-pharmacy-smokecess\"> </a></td><td>Smoking cessation</td><td>Smoking cessation</td></tr><tr><td>flushot<a name=\"service-pharmacy-flushot\"> </a></td><td>Flu Shot</td><td>Flu Shot</td></tr></table></div>"
  },
  "url": "http://hl7.org/fhir/ex-pharmaservice",
  "identifier": {
    "system": "urn:ietf:rfc:3986",
    "value": "urn:oid:2.16.840.1.113883.4.642.1.324"
  },
  "version": "1.7.0",
  "name": "Example Pharmacy Service Codes",
  "status": "draft",
  "experimental": true,
  "publisher": "Financial Management",
  "contact": [
    {
      "telecom": [
        {
          "system": "other",
          "value": "http://hl7.org/fhir"
        }
      ]
    }
  ],
  "description": "This value set includes a smattering of Pharmacy Service codes.",
  "copyright": "This is an example set.",
  "caseSensitive": true,
  "valueSet": "http://hl7.org/fhir/ValueSet/service-pharmacy",
  "content": "complete",
  "concept": [
    {
      "code": "smokecess",
      "display": "Smoking cessation",
      "definition": "Smoking cessation"
    },
    {
      "code": "flushot",
      "display": "Flu Shot",
      "definition": "Flu Shot"
    }
  ]
}