{
  "resourceType": "CodeSystem",
  "id": "benefit-network",
  "meta": {
    "lastUpdated": "2016-10-21T22:27:16.566+00:00",
    "profile": [
      "http://hl7.org/fhir/StructureDefinition/codesystem-shareable-definition"
    ]
  },
  "text": {
    "status": "generated",
    "div": "<div xmlns=\"http://www.w3.org/1999/xhtml\"><h2>Network Type Codes</h2><div><p>This value set includes a smattering of Network type codes.</p>\n</div><p><b>Copyright Statement:</b> This is an example set.</p><p>This code system http://hl7.org/fhir/benefit-network defines the following codes:</p><table class=\"codes\"><tr><td><b>Code</b></td><td><b>Display</b></td><td><b>Definition</b></td></tr><tr><td>in<a name=\"benefit-network-in\"> </a></td><td>In Network</td><td>Services rendered by a Network provider</td></tr><tr><td>out<a name=\"benefit-network-out\"> </a></td><td>Out of Network</td><td>Services rendered by a provider who is not in the Network</td></tr></table></div>"
  },
  "url": "http://hl7.org/fhir/benefit-network",
  "identifier": {
    "system": "urn:ietf:rfc:3986",
    "value": "urn:oid:2.16.840.1.113883.4.642.1.484"
  },
  "version": "1.7.0",
  "name": "Network Type Codes",
  "status": "draft",
  "experimental": true,
  "publisher": "Financial Management",
  "contact": [
    {
      "telecom": [
        {
          "system": "other",
          "value": "http://hl7.org/fhir"
        }
      ]
    }
  ],
  "description": "This value set includes a smattering of Network type codes.",
  "copyright": "This is an example set.",
  "caseSensitive": true,
  "valueSet": "http://hl7.org/fhir/ValueSet/benefit-network",
  "content": "complete",
  "concept": [
    {
      "code": "in",
      "display": "In Network",
      "definition": "Services rendered by a Network provider"
    },
    {
      "code": "out",
      "display": "Out of Network",
      "definition": "Services rendered by a provider who is not in the Network"
    }
  ]
}