{
  "resourceType": "CodeSystem",
  "id": "patient-mpi-match",
  "meta": {
    "lastUpdated": "2016-10-21T22:27:16.566+00:00"
  },
  "text": {
    "status": "generated",
    "div": "<div xmlns=\"http://www.w3.org/1999/xhtml\"><h2>MPIMatch</h2><div><p>A Master Patient Index (MPI) assessment of whether a candidate patient record is a match or not.</p>\n</div><p>This code system http://hl7.org/fhir/patient-mpi-match defines the following codes:</p><table class=\"codes\"><tr><td><b>Code</b></td><td><b>Display</b></td><td><b>Definition</b></td></tr><tr><td>certain<a name=\"patient-mpi-match-certain\"> </a></td><td>Certain Match</td><td>This record meets the MPI criteria to be automatically considered as a full match.</td></tr><tr><td>probable<a name=\"patient-mpi-match-probable\"> </a></td><td>Probable Match</td><td>This record is a close match, but not a certain match. Additional review (e.g. by a human) may be required before using this as a match.</td></tr><tr><td>possible<a name=\"patient-mpi-match-possible\"> </a></td><td>Possible Match</td><td>This record may be a matching one. Additional review (e.g. by a human) SHOULD be performed before using this as a match.</td></tr><tr><td>certainly-not<a name=\"patient-mpi-match-certainly-not\"> </a></td><td>Certainly Not a Match</td><td>This record is known not to be a match. Note that usually non-matching records are not returned, but in some cases records previously or likely considered as a match may specifically be negated by the MPI.</td></tr></table></div>"
  },
  "url": "http://hl7.org/fhir/patient-mpi-match",
  "identifier": {
    "system": "urn:ietf:rfc:3986",
    "value": "urn:oid:2.16.840.1.113883.4.642.1.434"
  },
  "version": "1.7.0",
  "name": "MPIMatch",
  "status": "draft",
  "experimental": false,
  "publisher": "HL7 (FHIR Project)",
  "contact": [
    {
      "telecom": [
        {
          "system": "other",
          "value": "http://hl7.org/fhir"
        },
        {
          "system": "email",
          "value": "fhir@lists.hl7.org"
        }
      ]
    }
  ],
  "date": "2016-10-21T22:27:16+00:00",
  "description": "A Master Patient Index (MPI) assessment of whether a candidate patient record is a match or not.",
  "caseSensitive": true,
  "valueSet": "http://hl7.org/fhir/ValueSet/patient-mpi-match",
  "content": "complete",
  "concept": [
    {
      "code": "certain",
      "display": "Certain Match",
      "definition": "This record meets the MPI criteria to be automatically considered as a full match."
    },
    {
      "code": "probable",
      "display": "Probable Match",
      "definition": "This record is a close match, but not a certain match. Additional review (e.g. by a human) may be required before using this as a match."
    },
    {
      "code": "possible",
      "display": "Possible Match",
      "definition": "This record may be a matching one. Additional review (e.g. by a human) SHOULD be performed before using this as a match."
    },
    {
      "code": "certainly-not",
      "display": "Certainly Not a Match",
      "definition": "This record is known not to be a match. Note that usually non-matching records are not returned, but in some cases records previously or likely considered as a match may specifically be negated by the MPI."
    }
  ]
}