{
  "resourceType": "CodeSystem",
  "id": "document-mode",
  "meta": {
    "lastUpdated": "2016-10-21T22:27:16.566+00:00"
  },
  "text": {
    "status": "generated",
    "div": "<div xmlns=\"http://www.w3.org/1999/xhtml\"><h2>DocumentMode</h2><div><p>Whether the application produces or consumes documents.</p>\n</div><p>This code system http://hl7.org/fhir/document-mode defines the following codes:</p><table class=\"codes\"><tr><td><b>Code</b></td><td><b>Display</b></td><td><b>Definition</b></td></tr><tr><td>producer<a name=\"document-mode-producer\"> </a></td><td>Producer</td><td>The application produces documents of the specified type.</td></tr><tr><td>consumer<a name=\"document-mode-consumer\"> </a></td><td>Consumer</td><td>The application consumes documents of the specified type.</td></tr></table></div>"
  },
  "url": "http://hl7.org/fhir/document-mode",
  "identifier": {
    "system": "urn:ietf:rfc:3986",
    "value": "urn:oid:2.16.840.1.113883.4.642.1.87"
  },
  "version": "1.7.0",
  "name": "DocumentMode",
  "status": "draft",
  "experimental": false,
  "publisher": "HL7 (FHIR Project)",
  "contact": [
    {
      "telecom": [
        {
          "system": "other",
          "value": "http://hl7.org/fhir"
        },
        {
          "system": "email",
          "value": "fhir@lists.hl7.org"
        }
      ]
    }
  ],
  "date": "2016-10-21T22:27:16+00:00",
  "description": "Whether the application produces or consumes documents.",
  "caseSensitive": true,
  "valueSet": "http://hl7.org/fhir/ValueSet/document-mode",
  "content": "complete",
  "concept": [
    {
      "code": "producer",
      "display": "Producer",
      "definition": "The application produces documents of the specified type."
    },
    {
      "code": "consumer",
      "display": "Consumer",
      "definition": "The application consumes documents of the specified type."
    }
  ]
}