{
  "resourceType": "CodeSystem",
  "id": "ex-payee-resource-type",
  "meta": {
    "lastUpdated": "2016-10-21T22:27:16.566+00:00"
  },
  "text": {
    "status": "generated",
    "div": "<div xmlns=\"http://www.w3.org/1999/xhtml\"><h2>PayeeResourceType</h2><div><p>The type of payee Resource</p>\n</div><p>This code system http://hl7.org/fhir/ex-payee-resource-type defines the following codes:</p><table class=\"codes\"><tr><td><b>Code</b></td><td><b>Display</b></td><td><b>Definition</b></td></tr><tr><td>organization<a name=\"ex-payee-resource-type-organization\"> </a></td><td>Organization</td><td>Organization resource</td></tr><tr><td>patient<a name=\"ex-payee-resource-type-patient\"> </a></td><td>Patient</td><td>Patient resource</td></tr><tr><td>practitioner<a name=\"ex-payee-resource-type-practitioner\"> </a></td><td>Practitioner</td><td>Practitioner resource</td></tr><tr><td>relatedperson<a name=\"ex-payee-resource-type-relatedperson\"> </a></td><td>RelatedPerson</td><td>RelatedPerson resource</td></tr></table></div>"
  },
  "url": "http://hl7.org/fhir/ex-payee-resource-type",
  "identifier": {
    "system": "urn:ietf:rfc:3986",
    "value": "urn:oid:2.16.840.1.113883.4.642.1.891"
  },
  "version": "1.7.0",
  "name": "PayeeResourceType",
  "status": "draft",
  "experimental": false,
  "publisher": "HL7 (FHIR Project)",
  "contact": [
    {
      "telecom": [
        {
          "system": "other",
          "value": "http://hl7.org/fhir"
        },
        {
          "system": "email",
          "value": "fhir@lists.hl7.org"
        }
      ]
    }
  ],
  "date": "2016-10-21T22:27:16+00:00",
  "description": "The type of payee Resource",
  "caseSensitive": true,
  "valueSet": "http://hl7.org/fhir/ValueSet/ex-payee-resource-type",
  "content": "complete",
  "concept": [
    {
      "code": "organization",
      "display": "Organization",
      "definition": "Organization resource"
    },
    {
      "code": "patient",
      "display": "Patient",
      "definition": "Patient resource"
    },
    {
      "code": "practitioner",
      "display": "Practitioner",
      "definition": "Practitioner resource"
    },
    {
      "code": "relatedperson",
      "display": "RelatedPerson",
      "definition": "RelatedPerson resource"
    }
  ]
}