{
  "resourceType": "CodeSystem",
  "id": "reference-handling-policy",
  "meta": {
    "lastUpdated": "2016-10-21T22:27:16.566+00:00"
  },
  "text": {
    "status": "generated",
    "div": "<div xmlns=\"http://www.w3.org/1999/xhtml\"><h2>ReferenceHandlingPolicy</h2><div><p>A set of flags that defines how references are supported</p>\n</div><p>This code system http://hl7.org/fhir/reference-handling-policy defines the following codes:</p><table class=\"codes\"><tr><td><b>Code</b></td><td><b>Display</b></td><td><b>Definition</b></td></tr><tr><td>literal<a name=\"reference-handling-policy-literal\"> </a></td><td>Literal References</td><td>The server supports and populates Literal references where they are known (this code does not guarantee that all references are literal; see 'enforced')</td></tr><tr><td>logical<a name=\"reference-handling-policy-logical\"> </a></td><td>Logical References</td><td>The server allows logical references</td></tr><tr><td>resolves<a name=\"reference-handling-policy-resolves\"> </a></td><td>Resolves References</td><td>The server will attempt to resolve logical references to literal references (if resolution fails, the server may still accept resources; see logical)</td></tr><tr><td>enforced<a name=\"reference-handling-policy-enforced\"> </a></td><td>Reference Integrity Enforced</td><td>The server enforces that references have integrity - e.g. it ensures that references can always be resolved. This is typically the case for clinical record systems, but often no the case for middleware/proxy systems</td></tr><tr><td>local<a name=\"reference-handling-policy-local\"> </a></td><td>Local References Only</td><td>The server does not support references that point to other servers</td></tr></table></div>"
  },
  "url": "http://hl7.org/fhir/reference-handling-policy",
  "identifier": {
    "system": "urn:ietf:rfc:3986",
    "value": "urn:oid:2.16.840.1.113883.4.642.1.0"
  },
  "version": "1.7.0",
  "name": "ReferenceHandlingPolicy",
  "status": "draft",
  "experimental": false,
  "publisher": "HL7 (FHIR Project)",
  "contact": [
    {
      "telecom": [
        {
          "system": "other",
          "value": "http://hl7.org/fhir"
        },
        {
          "system": "email",
          "value": "fhir@lists.hl7.org"
        }
      ]
    }
  ],
  "date": "2016-10-21T22:27:16+00:00",
  "description": "A set of flags that defines how references are supported",
  "caseSensitive": true,
  "valueSet": "http://hl7.org/fhir/ValueSet/reference-handling-policy",
  "content": "complete",
  "concept": [
    {
      "code": "literal",
      "display": "Literal References",
      "definition": "The server supports and populates Literal references where they are known (this code does not guarantee that all references are literal; see 'enforced')"
    },
    {
      "code": "logical",
      "display": "Logical References",
      "definition": "The server allows logical references"
    },
    {
      "code": "resolves",
      "display": "Resolves References",
      "definition": "The server will attempt to resolve logical references to literal references (if resolution fails, the server may still accept resources; see logical)"
    },
    {
      "code": "enforced",
      "display": "Reference Integrity Enforced",
      "definition": "The server enforces that references have integrity - e.g. it ensures that references can always be resolved. This is typically the case for clinical record systems, but often no the case for middleware/proxy systems"
    },
    {
      "code": "local",
      "display": "Local References Only",
      "definition": "The server does not support references that point to other servers"
    }
  ]
}