{
  "resourceType": "CodeSystem",
  "id": "encounter-location-status",
  "meta": {
    "lastUpdated": "2016-10-21T22:27:16.566+00:00"
  },
  "text": {
    "status": "generated",
    "div": "<div xmlns=\"http://www.w3.org/1999/xhtml\"><h2>EncounterLocationStatus</h2><div><p>The status of the location.</p>\n</div><p>This code system http://hl7.org/fhir/encounter-location-status defines the following codes:</p><table class=\"codes\"><tr><td><b>Code</b></td><td><b>Display</b></td><td><b>Definition</b></td></tr><tr><td>planned<a name=\"encounter-location-status-planned\"> </a></td><td>Planned</td><td>The patient is planned to be moved to this location at some point in the future.</td></tr><tr><td>active<a name=\"encounter-location-status-active\"> </a></td><td>Active</td><td>The patient is currently at this location, or was between the period specified.\r\rA system may update these records when the patient leaves the location to either reserved, or completed</td></tr><tr><td>reserved<a name=\"encounter-location-status-reserved\"> </a></td><td>Reserved</td><td>This location is held empty for this patient.</td></tr><tr><td>completed<a name=\"encounter-location-status-completed\"> </a></td><td>Completed</td><td>The patient was at this location during the period specified.\r\rNot to be used when the patient is currently at the location</td></tr></table></div>"
  },
  "url": "http://hl7.org/fhir/encounter-location-status",
  "identifier": {
    "system": "urn:ietf:rfc:3986",
    "value": "urn:oid:2.16.840.1.113883.4.642.1.147"
  },
  "version": "1.7.0",
  "name": "EncounterLocationStatus",
  "status": "draft",
  "experimental": false,
  "publisher": "HL7 (FHIR Project)",
  "contact": [
    {
      "telecom": [
        {
          "system": "other",
          "value": "http://hl7.org/fhir"
        },
        {
          "system": "email",
          "value": "fhir@lists.hl7.org"
        }
      ]
    }
  ],
  "date": "2016-10-21T22:27:16+00:00",
  "description": "The status of the location.",
  "caseSensitive": true,
  "valueSet": "http://hl7.org/fhir/ValueSet/encounter-location-status",
  "content": "complete",
  "concept": [
    {
      "code": "planned",
      "display": "Planned",
      "definition": "The patient is planned to be moved to this location at some point in the future."
    },
    {
      "code": "active",
      "display": "Active",
      "definition": "The patient is currently at this location, or was between the period specified.\r\rA system may update these records when the patient leaves the location to either reserved, or completed"
    },
    {
      "code": "reserved",
      "display": "Reserved",
      "definition": "This location is held empty for this patient."
    },
    {
      "code": "completed",
      "display": "Completed",
      "definition": "The patient was at this location during the period specified.\r\rNot to be used when the patient is currently at the location"
    }
  ]
}