{
  "resourceType": "CodeSystem",
  "id": "list-example-codes",
  "meta": {
    "lastUpdated": "2016-10-21T22:27:16.566+00:00",
    "profile": [
      "http://hl7.org/fhir/StructureDefinition/codesystem-shareable-definition"
    ]
  },
  "text": {
    "status": "generated",
    "div": "<div xmlns=\"http://www.w3.org/1999/xhtml\"><h2>Example Use Codes for List</h2><div><p>Example use codes for the List resource - typical kinds of use.</p>\n</div><p>This code system http://hl7.org/fhir/list-example-use-codes defines the following codes:</p><table class=\"codes\"><tr><td><b>Code</b></td><td><b>Display</b></td><td><b>Definition</b></td></tr><tr><td>alerts<a name=\"list-example-codes-alerts\"> </a></td><td>Alerts</td><td>A list of alerts for the patient.</td></tr><tr><td>adverserxns<a name=\"list-example-codes-adverserxns\"> </a></td><td>Adverse Reactions</td><td>A list of part adverse reactions.</td></tr><tr><td>allergies<a name=\"list-example-codes-allergies\"> </a></td><td>Allergies</td><td>A list of Allergies for the patient.</td></tr><tr><td>medications<a name=\"list-example-codes-medications\"> </a></td><td>Medication List</td><td>A list of medication statements for the patient.</td></tr><tr><td>problems<a name=\"list-example-codes-problems\"> </a></td><td>Problem List</td><td>A list of problems that the patient is known of have (or have had in the past).</td></tr><tr><td>worklist<a name=\"list-example-codes-worklist\"> </a></td><td>Worklist</td><td>A list of items that constitute a set of work to be performed (typically this code would be specialized for more specific uses, such as a ward round list).</td></tr><tr><td>waiting<a name=\"list-example-codes-waiting\"> </a></td><td>Waiting List</td><td>A list of items waiting for an event (perhaps a surgical patient waiting list).</td></tr><tr><td>protocols<a name=\"list-example-codes-protocols\"> </a></td><td>Protocols</td><td>A set of protocols to be followed.</td></tr><tr><td>plans<a name=\"list-example-codes-plans\"> </a></td><td>Care Plans</td><td>A set of care plans that apply in a particular context of care.</td></tr></table></div>"
  },
  "url": "http://hl7.org/fhir/list-example-use-codes",
  "identifier": {
    "system": "urn:ietf:rfc:3986",
    "value": "urn:oid:2.16.840.1.113883.4.642.1.173"
  },
  "version": "1.7.0",
  "name": "Example Use Codes for List",
  "status": "draft",
  "experimental": true,
  "publisher": "FHIR Project",
  "contact": [
    {
      "telecom": [
        {
          "system": "other",
          "value": "http://hl7.org/fhir"
        }
      ]
    }
  ],
  "description": "Example use codes for the List resource - typical kinds of use.",
  "caseSensitive": true,
  "valueSet": "http://hl7.org/fhir/ValueSet/list-example-codes",
  "content": "complete",
  "concept": [
    {
      "code": "alerts",
      "display": "Alerts",
      "definition": "A list of alerts for the patient."
    },
    {
      "code": "adverserxns",
      "display": "Adverse Reactions",
      "definition": "A list of part adverse reactions."
    },
    {
      "code": "allergies",
      "display": "Allergies",
      "definition": "A list of Allergies for the patient."
    },
    {
      "code": "medications",
      "display": "Medication List",
      "definition": "A list of medication statements for the patient."
    },
    {
      "code": "problems",
      "display": "Problem List",
      "definition": "A list of problems that the patient is known of have (or have had in the past)."
    },
    {
      "code": "worklist",
      "display": "Worklist",
      "definition": "A list of items that constitute a set of work to be performed (typically this code would be specialized for more specific uses, such as a ward round list)."
    },
    {
      "code": "waiting",
      "display": "Waiting List",
      "definition": "A list of items waiting for an event (perhaps a surgical patient waiting list)."
    },
    {
      "code": "protocols",
      "display": "Protocols",
      "definition": "A set of protocols to be followed."
    },
    {
      "code": "plans",
      "display": "Care Plans",
      "definition": "A set of care plans that apply in a particular context of care."
    }
  ]
}