{
  "resourceType": "CodeSystem",
  "id": "medication-order-status",
  "meta": {
    "lastUpdated": "2016-10-21T22:27:16.566+00:00"
  },
  "text": {
    "status": "generated",
    "div": "<div xmlns=\"http://www.w3.org/1999/xhtml\"><h2>MedicationOrderStatus</h2><div><p>A coded concept specifying the state of the prescribing event. Describes the lifecycle of the prescription.</p>\n</div><p>This code system http://hl7.org/fhir/medication-order-status defines the following codes:</p><table class=\"codes\"><tr><td><b>Code</b></td><td><b>Display</b></td><td><b>Definition</b></td></tr><tr><td>active<a name=\"medication-order-status-active\"> </a></td><td>Active</td><td>The prescription is 'actionable', but not all actions that are implied by it have occurred yet.</td></tr><tr><td>on-hold<a name=\"medication-order-status-on-hold\"> </a></td><td>On Hold</td><td>Actions implied by the prescription are to be temporarily halted, but are expected to continue later.  May also be called &quot;suspended&quot;.</td></tr><tr><td>completed<a name=\"medication-order-status-completed\"> </a></td><td>Completed</td><td>All actions that are implied by the prescription have occurred.</td></tr><tr><td>entered-in-error<a name=\"medication-order-status-entered-in-error\"> </a></td><td>Entered In Error</td><td>The prescription was entered in error.</td></tr><tr><td>stopped<a name=\"medication-order-status-stopped\"> </a></td><td>Stopped</td><td>Actions implied by the prescription are to be permanently halted, before all of them occurred.</td></tr><tr><td>draft<a name=\"medication-order-status-draft\"> </a></td><td>Draft</td><td>The prescription is not yet 'actionable', i.e. it is a work in progress, requires sign-off or verification, and needs to be run through decision support process.</td></tr></table></div>"
  },
  "url": "http://hl7.org/fhir/medication-order-status",
  "identifier": {
    "system": "urn:ietf:rfc:3986",
    "value": "urn:oid:2.16.840.1.113883.4.642.1.196"
  },
  "version": "1.7.0",
  "name": "MedicationOrderStatus",
  "status": "draft",
  "experimental": false,
  "publisher": "HL7 (FHIR Project)",
  "contact": [
    {
      "telecom": [
        {
          "system": "other",
          "value": "http://hl7.org/fhir"
        },
        {
          "system": "email",
          "value": "fhir@lists.hl7.org"
        }
      ]
    }
  ],
  "date": "2016-10-21T22:27:16+00:00",
  "description": "A coded concept specifying the state of the prescribing event. Describes the lifecycle of the prescription.",
  "caseSensitive": true,
  "valueSet": "http://hl7.org/fhir/ValueSet/medication-order-status",
  "content": "complete",
  "concept": [
    {
      "code": "active",
      "display": "Active",
      "definition": "The prescription is 'actionable', but not all actions that are implied by it have occurred yet."
    },
    {
      "code": "on-hold",
      "display": "On Hold",
      "definition": "Actions implied by the prescription are to be temporarily halted, but are expected to continue later.  May also be called \"suspended\"."
    },
    {
      "code": "completed",
      "display": "Completed",
      "definition": "All actions that are implied by the prescription have occurred."
    },
    {
      "code": "entered-in-error",
      "display": "Entered In Error",
      "definition": "The prescription was entered in error."
    },
    {
      "code": "stopped",
      "display": "Stopped",
      "definition": "Actions implied by the prescription are to be permanently halted, before all of them occurred."
    },
    {
      "code": "draft",
      "display": "Draft",
      "definition": "The prescription is not yet 'actionable', i.e. it is a work in progress, requires sign-off or verification, and needs to be run through decision support process."
    }
  ]
}