{
  "resourceType": "CodeSystem",
  "id": "document-reference-status",
  "meta": {
    "lastUpdated": "2016-10-21T22:27:16.566+00:00"
  },
  "text": {
    "status": "generated",
    "div": "<div xmlns=\"http://www.w3.org/1999/xhtml\"><h2>DocumentReferenceStatus</h2><div><p>The status of the document reference.</p>\n</div><p>This code system http://hl7.org/fhir/document-reference-status defines the following codes:</p><table class=\"codes\"><tr><td><b>Code</b></td><td><b>Display</b></td><td><b>Definition</b></td></tr><tr><td>current<a name=\"document-reference-status-current\"> </a></td><td>Current</td><td>This is the current reference for this document.</td></tr><tr><td>superseded<a name=\"document-reference-status-superseded\"> </a></td><td>Superseded</td><td>This reference has been superseded by another reference.</td></tr><tr><td>entered-in-error<a name=\"document-reference-status-entered-in-error\"> </a></td><td>Entered in Error</td><td>This reference was created in error.</td></tr></table></div>"
  },
  "url": "http://hl7.org/fhir/document-reference-status",
  "identifier": {
    "system": "urn:ietf:rfc:3986",
    "value": "urn:oid:2.16.840.1.113883.4.642.1.document-reference-status"
  },
  "version": "1.7.0",
  "name": "DocumentReferenceStatus",
  "status": "draft",
  "experimental": false,
  "date": "2016-10-21T22:27:16+00:00",
  "description": "The status of the document reference.",
  "caseSensitive": true,
  "valueSet": "http://hl7.org/fhir/ValueSet/document-reference-status",
  "content": "complete",
  "concept": [
    {
      "code": "current",
      "display": "Current",
      "definition": "This is the current reference for this document."
    },
    {
      "code": "superseded",
      "display": "Superseded",
      "definition": "This reference has been superseded by another reference."
    },
    {
      "code": "entered-in-error",
      "display": "Entered in Error",
      "definition": "This reference was created in error."
    }
  ]
}