{
  "resourceType": "CodeSystem",
  "id": "contributor-type",
  "meta": {
    "lastUpdated": "2016-10-21T22:27:16.566+00:00"
  },
  "text": {
    "status": "generated",
    "div": "<div xmlns=\"http://www.w3.org/1999/xhtml\"><h2>ContributorType</h2><div><p>The type of contributor</p>\n</div><p>This code system http://hl7.org/fhir/contributor-type defines the following codes:</p><table class=\"codes\"><tr><td><b>Code</b></td><td><b>Display</b></td><td><b>Definition</b></td></tr><tr><td>author<a name=\"contributor-type-author\"> </a></td><td>Author</td><td>An author of the content of the module</td></tr><tr><td>editor<a name=\"contributor-type-editor\"> </a></td><td>Editor</td><td>An editor of the content of the module</td></tr><tr><td>reviewer<a name=\"contributor-type-reviewer\"> </a></td><td>Reviewer</td><td>A reviewer of the content of the module</td></tr><tr><td>endorser<a name=\"contributor-type-endorser\"> </a></td><td>Endorser</td><td>An endorser of the content of the module</td></tr></table></div>"
  },
  "url": "http://hl7.org/fhir/contributor-type",
  "identifier": {
    "system": "urn:ietf:rfc:3986",
    "value": "urn:oid:2.16.840.1.113883.4.642.1.923"
  },
  "version": "1.7.0",
  "name": "ContributorType",
  "status": "draft",
  "experimental": false,
  "publisher": "HL7 (FHIR Project)",
  "contact": [
    {
      "telecom": [
        {
          "system": "other",
          "value": "http://hl7.org/fhir"
        },
        {
          "system": "email",
          "value": "fhir@lists.hl7.org"
        }
      ]
    }
  ],
  "date": "2016-10-21T22:27:16+00:00",
  "description": "The type of contributor",
  "caseSensitive": true,
  "valueSet": "http://hl7.org/fhir/ValueSet/contributor-type",
  "content": "complete",
  "concept": [
    {
      "code": "author",
      "display": "Author",
      "definition": "An author of the content of the module"
    },
    {
      "code": "editor",
      "display": "Editor",
      "definition": "An editor of the content of the module"
    },
    {
      "code": "reviewer",
      "display": "Reviewer",
      "definition": "A reviewer of the content of the module"
    },
    {
      "code": "endorser",
      "display": "Endorser",
      "definition": "An endorser of the content of the module"
    }
  ]
}