{
  "resourceType": "Condition",
  "id": "f201",
  "text": {
    "status": "generated",
    "div": "<div xmlns=\"http://www.w3.org/1999/xhtml\"><p><b>Generated Narrative with Details</b></p><p><b>id</b>: f201</p><p><b>clinicalStatus</b>: active</p><p><b>verificationStatus</b>: confirmed</p><p><b>category</b>: Problem <span>(Details : {SNOMED CT code '55607006' = 'Problem (finding)', given as 'Problem'}; {http://hl7.org/fhir/condition-category code 'problem-list-item' = 'Problem List Item)</span></p><p><b>severity</b>: Mild <span>(Details : {SNOMED CT code '255604002' = 'Mild (qualifier value)', given as 'Mild'})</span></p><p><b>code</b>: Fever <span>(Details : {SNOMED CT code '386661006' = 'Fever (finding)', given as 'Fever'})</span></p><p><b>bodySite</b>: Entire body as a whole <span>(Details : {SNOMED CT code '38266002' = 'Entire body as a whole', given as 'Entire body as a whole'})</span></p><p><b>subject</b>: <a>Roel</a></p><p><b>context</b>: <a>Encounter/f201</a></p><p><b>onset</b>: Apr 2, 2013</p><p><b>dateRecorded</b>: Apr 4, 2013</p><p><b>asserter</b>: <a>Practitioner/f201</a></p><h3>Evidences</h3><table><tr><td>-</td><td><b>Code</b></td><td><b>Detail</b></td></tr><tr><td>*</td><td>degrees C <span>(Details : {SNOMED CT code '258710007' = 'Degrees Celsius (qualifier value)', given as 'degrees C'})</span></td><td><a>Temperature</a></td></tr></table></div>"
  },
  "clinicalStatus": "active",
  "verificationStatus": "confirmed",
  "category": [
    {
      "coding": [
        {
          "system": "http://snomed.info/sct",
          "code": "55607006",
          "display": "Problem"
        },
        {
          "system": "http://hl7.org/fhir/condition-category",
          "code": "problem-list-item"
        }
      ]
    }
  ],
  "severity": {
    "coding": [
      {
        "system": "http://snomed.info/sct",
        "code": "255604002",
        "display": "Mild"
      }
    ]
  },
  "code": {
    "coding": [
      {
        "system": "http://snomed.info/sct",
        "code": "386661006",
        "display": "Fever"
      }
    ]
  },
  "bodySite": [
    {
      "coding": [
        {
          "system": "http://snomed.info/sct",
          "code": "38266002",
          "display": "Entire body as a whole"
        }
      ]
    }
  ],
  "subject": {
    "reference": "Patient/f201",
    "display": "Roel"
  },
  "context": {
    "reference": "Encounter/f201"
  },
  "onsetDateTime": "2013-04-02",
  "dateRecorded": "2013-04-04",
  "asserter": {
    "reference": "Practitioner/f201"
  },
  "evidence": [
    {
      "code": {
        "coding": [
          {
            "system": "http://snomed.info/sct",
            "code": "258710007",
            "display": "degrees C"
          }
        ]
      },
      "detail": [
        {
          "reference": "Observation/f202",
          "display": "Temperature"
        }
      ]
    }
  ]
}