{
  "resourceType": "DecisionSupportServiceModule",
  "id": "infobutton",
  "text": {
    "status": "generated",
    "div": "<div xmlns=\"http://www.w3.org/1999/xhtml\">InfoButton Module</div>"
  },
  "identifier": [
    {
      "use": "official",
      "value": "infobutton"
    }
  ],
  "version": "1.0.0",
  "title": "InfoButton Module",
  "status": "draft",
  "date": "2016-07-05",
  "description": "The InfoButton specification defines a mechanism for retrieving relevant clinical context based a particular set of search criteria..",
  "topic": [
    {
      "text": "InfoButton Module"
    },
    {
      "text": "InfoButton"
    }
  ],
  "parameter": [
    {
      "name": "mainSearchCriteria",
      "use": "in",
      "min": 0,
      "max": "*",
      "type": "CodeableConcept"
    }
  ],
  "dataRequirement": [
    {
      "type": "Patient",
      "mustSupport": [
        "gender",
        "birthDate"
      ]
    },
    {
      "type": "Condition"
    },
    {
      "type": "MedicationStatement"
    }
  ]
}