{
  "resourceType": "StructureDefinition",
  "id": "consent-Witness",
  "url": "http://hl7.org/fhir/StructureDefinition/consent-Witness",
  "name": "Witness to Consent",
  "title": "Witness",
  "status": "draft",
  "publisher": "Health Level Seven, Inc. - CBCC WG",
  "contact": [
    {
      "telecom": [
        {
          "system": "other",
          "value": "http://www.hl7.org/Special/committees/homehealth/index.cfm"
        }
      ]
    }
  ],
  "date": "2016-10-21T22:27:16+00:00",
  "description": "Any witness to the consent.",
  "fhirVersion": "1.7.0",
  "mapping": [
    {
      "identity": "rim",
      "uri": "http://hl7.org/v3",
      "name": "RIM Mapping"
    }
  ],
  "kind": "complex-type",
  "abstract": false,
  "contextType": "resource",
  "context": [
    "Consent"
  ],
  "type": "Extension",
  "baseDefinition": "http://hl7.org/fhir/StructureDefinition/Extension",
  "derivation": "constraint",
  "snapshot": {
    "element": [
      {
        "id": "Extension:witnesstoconsent",
        "path": "Extension",
        "short": "Witness to Consent",
        "definition": "Any witness to the consent.",
        "min": 0,
        "max": "1",
        "base": {
          "path": "Extension",
          "min": 0,
          "max": "*"
        },
        "condition": [
          "ele-1"
        ],
        "constraint": [
          {
            "key": "ele-1",
            "severity": "error",
            "human": "All FHIR elements must have a @value or children",
            "expression": "children().count() > id.count()",
            "xpath": "@value|f:*|h:div",
            "source": "Element"
          },
          {
            "key": "ext-1",
            "severity": "error",
            "human": "Must have either extensions or value[x], not both",
            "expression": "extension.exists() != value.exists()",
            "xpath": "exists(f:extension)!=exists(f:*[starts-with(local-name(.), 'value')])",
            "source": "Extension"
          }
        ]
      },
      {
        "id": "Extension:witnesstoconsent.id",
        "path": "Extension.id",
        "representation": [
          "xmlAttr"
        ],
        "short": "xml:id (or equivalent in JSON)",
        "definition": "unique id for the element within a resource (for internal references). This may be any string value that does not contain spaces.",
        "min": 0,
        "max": "1",
        "base": {
          "path": "Element.id",
          "min": 0,
          "max": "1"
        },
        "type": [
          {
            "code": "string"
          }
        ],
        "mapping": [
          {
            "identity": "rim",
            "map": "n/a"
          }
        ]
      },
      {
        "id": "Extension:witnesstoconsent.extension:extension",
        "path": "Extension.extension",
        "sliceName": "extension",
        "short": "Extension",
        "definition": "An Extension",
        "min": 0,
        "max": "0",
        "base": {
          "path": "Element.extension",
          "min": 0,
          "max": "*"
        },
        "type": [
          {
            "code": "Extension"
          }
        ]
      },
      {
        "id": "Extension:witnesstoconsent.url",
        "path": "Extension.url",
        "representation": [
          "xmlAttr"
        ],
        "short": "identifies the meaning of the extension",
        "definition": "Source of the definition for the extension code - a logical name or a URL.",
        "comments": "The definition may point directly to a computable or human-readable definition of the extensibility codes, or it may be a logical URI as declared in some other specification. The definition SHALL be a URI for the Structure Definition defining the extension.",
        "min": 1,
        "max": "1",
        "base": {
          "path": "Extension.url",
          "min": 1,
          "max": "1"
        },
        "type": [
          {
            "code": "uri"
          }
        ],
        "fixedUri": "http://hl7.org/fhir/StructureDefinition/consent-Witness",
        "mapping": [
          {
            "identity": "rim",
            "map": "N/A"
          }
        ]
      },
      {
        "id": "Extension:witnesstoconsent.value[x]",
        "path": "Extension.value[x]",
        "short": "Value of extension",
        "definition": "Value of extension - may be a resource or one of a constrained set of the data types (see Extensibility in the spec for list).",
        "min": 1,
        "max": "1",
        "base": {
          "path": "Extension.value[x]",
          "min": 0,
          "max": "1"
        },
        "type": [
          {
            "code": "Reference",
            "targetProfile": "http://hl7.org/fhir/StructureDefinition/Organization"
          },
          {
            "code": "Reference",
            "targetProfile": "http://hl7.org/fhir/StructureDefinition/Patient"
          },
          {
            "code": "Reference",
            "targetProfile": "http://hl7.org/fhir/StructureDefinition/Practitioner"
          },
          {
            "code": "Reference",
            "targetProfile": "http://hl7.org/fhir/StructureDefinition/RelatedPerson"
          }
        ],
        "mapping": [
          {
            "identity": "rim",
            "map": "N/A"
          }
        ]
      }
    ]
  },
  "differential": {
    "element": [
      {
        "id": "Extension:witnesstoconsent",
        "path": "Extension",
        "short": "Witness to Consent",
        "definition": "Any witness to the consent.",
        "min": 0,
        "max": "1"
      },
      {
        "id": "Extension:witnesstoconsent.extension:extension",
        "path": "Extension.extension",
        "sliceName": "extension",
        "max": "0"
      },
      {
        "id": "Extension:witnesstoconsent.url",
        "path": "Extension.url",
        "type": [
          {
            "code": "uri"
          }
        ],
        "fixedUri": "http://hl7.org/fhir/StructureDefinition/consent-Witness"
      },
      {
        "id": "Extension:witnesstoconsent.value[x]",
        "path": "Extension.value[x]",
        "min": 1,
        "type": [
          {
            "code": "Reference",
            "targetProfile": "http://hl7.org/fhir/StructureDefinition/Organization"
          },
          {
            "code": "Reference",
            "targetProfile": "http://hl7.org/fhir/StructureDefinition/Patient"
          },
          {
            "code": "Reference",
            "targetProfile": "http://hl7.org/fhir/StructureDefinition/Practitioner"
          },
          {
            "code": "Reference",
            "targetProfile": "http://hl7.org/fhir/StructureDefinition/RelatedPerson"
          }
        ]
      }
    ]
  }
}