{
  "resourceType": "MedicationDispense",
  "id": "meddisp0310",
  "text": {
    "status": "generated",
    "div": "<div xmlns=\"http://www.w3.org/1999/xhtml\"><p><b>Generated Narrative with Details</b></p><p><b>id</b>: meddisp0310</p><p><b>contained</b>: </p><p><b>status</b>: in-progress</p><p><b>medication</b>: Percocet. Generated Summary: id: med0308; Percocet tablet <span>(Details : {http://hl7.org/fhir/sid/ndc code '16590-619-30' = '16590-619-30', given as 'Percocet tablet'})</span></p><p><b>patient</b>: <a>Donald Duck </a></p><p><b>dispenser</b>: <a>Rob van den Berk</a></p><p><b>authorizingPrescription</b>: <a>MedicationOrder/medrx0307</a></p><p><b>type</b>: emergency Fill <span>(Details : {http:hl7.org/fhir code 'EF' = 'EF', given as 'emergency Fill'})</span></p><p><b>quantity</b>: 30 TAB<span> (Details: http://hl7.org/fhir/ValueSet/v3-orderableDrugForm code TAB = 'TAB')</span></p><p><b>daysSupply</b>: 30 Day<span> (Details: UCUM code d = 'd')</span></p><p><b>whenPrepared</b>: Jan 15, 2015 10:20:00 AM</p><p><b>dosageInstruction</b>: </p></div>"
  },
  "contained": [
    {
      "resourceType": "Medication",
      "id": "med0308",
      "code": {
        "coding": [
          {
            "system": "http://hl7.org/fhir/sid/ndc",
            "code": "16590-619-30",
            "display": "Percocet tablet"
          }
        ]
      }
    }
  ],
  "status": "in-progress",
  "medicationReference": {
    "reference": "#med0308",
    "display": "Percocet"
  },
  "patient": {
    "reference": "Patient/pat1",
    "display": "Donald Duck "
  },
  "dispenser": {
    "reference": "Practitioner/f006",
    "display": "Rob van den Berk"
  },
  "authorizingPrescription": [
    {
      "reference": "MedicationOrder/medrx0307"
    }
  ],
  "type": {
    "coding": [
      {
        "system": "http:hl7.org/fhir",
        "code": "EF",
        "display": "emergency Fill"
      }
    ]
  },
  "quantity": {
    "value": 30,
    "unit": "TAB",
    "system": "http://hl7.org/fhir/ValueSet/v3-orderableDrugForm",
    "code": "TAB"
  },
  "daysSupply": {
    "value": 30,
    "unit": "Day",
    "system": "http://unitsofmeasure.org",
    "code": "d"
  },
  "whenPrepared": "2015-01-15T10:20:00Z",
  "dosageInstruction": [
    {
      "sequence": 1,
      "text": "1 tablet every four hours as needed for pain",
      "additionalInstructions": [
        {
          "coding": [
            {
              "system": "http://snomed.info/sct",
              "code": "418914006",
              "display": "Warning. May cause drowsiness. If affected do not drive or operate machinery. Avoid alcoholic drink (qualifier value)"
            }
          ]
        }
      ],
      "timing": {
        "repeat": {
          "frequency": 1,
          "period": 4,
          "periodUnit": "h"
        }
      },
      "asNeededCodeableConcept": {
        "coding": [
          {
            "system": "http://snomed.info/sct",
            "code": "203082005",
            "display": "Fibromyalgia (disorder)"
          }
        ]
      },
      "route": {
        "coding": [
          {
            "system": "http://snomed.info/sct",
            "code": "26643006",
            "display": "Oral Route"
          }
        ]
      },
      "doseQuantity": {
        "value": 1,
        "unit": "TAB",
        "system": "http://hl7.org/fhir/ValueSet/v3-orderableDrugForm",
        "code": "TAB"
      }
    }
  ]
}