{
  "resourceType": "MedicationDispense",
  "id": "meddisp0309",
  "text": {
    "status": "generated",
    "div": "<div xmlns=\"http://www.w3.org/1999/xhtml\"><p><b>Generated Narrative with Details</b></p><p><b>id</b>: meddisp0309</p><p><b>contained</b>: </p><p><b>status</b>: entered-in-error</p><p><b>medication</b>: Nystatin 100,000 units/ml oral suspension (product). Generated Summary: id: med0312; Nystatin 100,000 units/ml oral suspension (product) <span>(Details : {SNOMED CT code '324689003' = 'Nystatin 100,000units/mL oral suspension (product)', given as 'Nystatin 100,000 units/ml oral suspension (product)'})</span></p><p><b>patient</b>: <a>Donald Duck </a></p><p><b>dispenser</b>: <a>Rob van den Berk</a></p><p><b>authorizingPrescription</b>: <a>MedicationOrder/medrx0319</a></p><p><b>type</b>: First Fill <span>(Details : {http://hl7.org/fhir/ValueSet/v3-ActPharmacySupplyType code 'FF' = 'FF', given as 'First Fill'})</span></p><p><b>quantity</b>: 10 ml<span> (Details: UCUM code ml = 'ml')</span></p><p><b>daysSupply</b>: 10 Day<span> (Details: UCUM code d = 'd')</span></p><p><b>whenPrepared</b>: Jan 15, 2015</p><p><b>whenHandedOver</b>: Jan 15, 2016</p><p><b>dosageInstruction</b>: </p></div>"
  },
  "contained": [
    {
      "resourceType": "Medication",
      "id": "med0312",
      "code": {
        "coding": [
          {
            "system": "http://snomed.info/sct",
            "code": "324689003",
            "display": "Nystatin 100,000 units/ml oral suspension (product)"
          }
        ]
      }
    }
  ],
  "status": "entered-in-error",
  "medicationReference": {
    "reference": "#med0312",
    "display": "Nystatin 100,000 units/ml oral suspension (product)"
  },
  "patient": {
    "reference": "Patient/pat1",
    "display": "Donald Duck "
  },
  "dispenser": {
    "reference": "Practitioner/f006",
    "display": "Rob van den Berk"
  },
  "authorizingPrescription": [
    {
      "reference": "MedicationOrder/medrx0319"
    }
  ],
  "type": {
    "coding": [
      {
        "system": "http://hl7.org/fhir/ValueSet/v3-ActPharmacySupplyType",
        "code": "FF",
        "display": "First Fill"
      }
    ]
  },
  "quantity": {
    "value": 10,
    "unit": "ml",
    "system": "http://unitsofmeasure.org",
    "code": "ml"
  },
  "daysSupply": {
    "value": 10,
    "unit": "Day",
    "system": "http://unitsofmeasure.org",
    "code": "d"
  },
  "whenPrepared": "2015-01-15",
  "whenHandedOver": "2016-01-15",
  "dosageInstruction": [
    {
      "sequence": 1,
      "text": "10 drops four times daily - apply in mouth using cotton swab or finger",
      "timing": {
        "repeat": {
          "frequency": 4,
          "period": 1,
          "periodUnit": "d"
        }
      },
      "doseQuantity": {
        "value": 10,
        "unit": "drop",
        "system": "http://unitsofmeasure.org",
        "code": "drop"
      }
    }
  ]
}