{
  "resourceType": "MedicationDispense",
  "id": "meddisp0307",
  "text": {
    "status": "generated",
    "div": "<div xmlns=\"http://www.w3.org/1999/xhtml\"><p><b>Generated Narrative with Details</b></p><p><b>id</b>: meddisp0307</p><p><b>status</b>: completed</p><p><b>medication</b>: Myleran 2mg tablet, film coated <span>(Details : {http://hl7.org/fhir/sid/ndc code '76388-713-25' = '76388-713-25', given as 'Myleran 2mg tablet, film coated'})</span></p><p><b>patient</b>: <a>Donald Duck</a></p><p><b>dispenser</b>: <a>Rob van den Berk</a></p><p><b>authorizingPrescription</b>: <a>MedicationOrder/medrx0306</a></p><p><b>type</b>: partial Fill <span>(Details : {http://hl7.org/fhir/v3/ActPharmacySupplyType code 'PF' = 'PF', given as 'partial Fill'})</span></p><p><b>quantity</b>: 90 TAB<span> (Details: UCUM code TAB = 'TAB')</span></p><p><b>daysSupply</b>: 30 Day<span> (Details: UCUM code d = 'd')</span></p><p><b>whenPrepared</b>: Jan 15, 2015 10:20:00 AM</p><p><b>whenHandedOver</b>: Jan 15, 2015 4:20:00 PM</p><p><b>dosageInstruction</b>: </p></div>"
  },
  "status": "completed",
  "medicationCodeableConcept": {
    "coding": [
      {
        "system": "http://hl7.org/fhir/sid/ndc",
        "code": "76388-713-25",
        "display": "Myleran 2mg tablet, film coated"
      }
    ]
  },
  "patient": {
    "reference": "Patient/pat1",
    "display": "Donald Duck"
  },
  "dispenser": {
    "reference": "Practitioner/f006",
    "display": "Rob van den Berk"
  },
  "authorizingPrescription": [
    {
      "reference": "MedicationOrder/medrx0306"
    }
  ],
  "type": {
    "coding": [
      {
        "system": "http://hl7.org/fhir/v3/ActPharmacySupplyType",
        "code": "PF",
        "display": "partial Fill"
      }
    ]
  },
  "quantity": {
    "value": 90,
    "system": "http://unitsofmeasure.org",
    "code": "TAB"
  },
  "daysSupply": {
    "value": 30,
    "unit": "Day",
    "system": "http://unitsofmeasure.org",
    "code": "d"
  },
  "whenPrepared": "2015-01-15T10:20:00Z",
  "whenHandedOver": "2015-01-15T16:20:00Z",
  "dosageInstruction": [
    {
      "sequence": 1,
      "text": "Take 3 tablets (6mg) once daily",
      "timing": {
        "repeat": {
          "frequency": 1,
          "period": 1,
          "periodUnit": "d"
        }
      },
      "doseQuantity": {
        "value": 6,
        "unit": "mg",
        "system": "http://unitsofmeasure.org",
        "code": "mg"
      }
    }
  ]
}