{
  "resourceType": "MedicationStatement",
  "id": "example007",
  "text": {
    "status": "generated",
    "div": "<div xmlns=\"http://www.w3.org/1999/xhtml\"><p><b>Generated Narrative with Details</b></p><p><b>id</b>: example007</p><p><b>contained</b>: </p><p><b>status</b>: intended</p><p><b>medication</b>: id: med0315; Mometasone Furoate 0.05mg/Actuat <span>(Details : {RxNorm code '358793' = '358793', given as 'Mometasone Furoate 0.05mg/Actuat'})</span>; </p><p><b>patient</b>: <a>Donald Duck</a></p><p><b>informationSource</b>: <a>Donald Duck</a></p><p><b>dateAsserted</b>: Feb 22, 2015</p><p><b>notTaken</b>: Y</p><p><b>note</b>: patient plans to start using for seasonal allergies in the Spring when pollen is in the air</p></div>"
  },
  "contained": [
    {
      "resourceType": "Medication",
      "id": "med0315",
      "code": {
        "coding": [
          {
            "system": "http://www.nlm.nih.gov/research/umls/rxnorm",
            "code": "358793",
            "display": "Mometasone Furoate 0.05mg/Actuat"
          }
        ]
      },
      "isBrand": false,
      "product": {
        "form": {
          "coding": [
            {
              "system": "http://snomed.info/sct",
              "code": "385157007",
              "display": "Nasal Spray"
            }
          ]
        }
      }
    }
  ],
  "status": "intended",
  "medicationReference": {
    "reference": "#med0315"
  },
  "patient": {
    "reference": "Patient/pat1",
    "display": "Donald Duck"
  },
  "informationSource": {
    "reference": "Patient/pat1",
    "display": "Donald Duck"
  },
  "dateAsserted": "2015-02-22",
  "notTaken": "Y",
  "note": [
    {
      "text": "patient plans to start using for seasonal allergies in the Spring when pollen is in the air"
    }
  ]
}