{
  "resourceType": "MedicationDispense",
  "id": "meddisp008",
  "text": {
    "status": "generated",
    "div": "<div xmlns=\"http://www.w3.org/1999/xhtml\"><p><b>Generated Narrative with Details</b></p><p><b>id</b>: meddisp008</p><p><b>contained</b>: </p><p><b>status</b>: completed</p><p><b>medication</b>: id: medexample015; Capecitabine 500mg oral tablet (Xeloda) <span>(Details : {RxNorm code '213293' = '213293', given as 'Capecitabine 500mg oral tablet (Xeloda)'})</span>; isBrand</p><p><b>patient</b>: <a>Donald Duck</a></p><p><b>dispenser</b>: <a>Rob van den Berk</a></p><p><b>authorizingPrescription</b>: <a>MedicationOrder/medrx0309</a></p><p><b>dosageInstruction</b>: </p></div>"
  },
  "contained": [
    {
      "resourceType": "Medication",
      "id": "medexample015",
      "code": {
        "coding": [
          {
            "system": "http://www.nlm.nih.gov/research/umls/rxnorm",
            "code": "213293",
            "display": "Capecitabine 500mg oral tablet (Xeloda)"
          }
        ]
      },
      "isBrand": true
    }
  ],
  "status": "completed",
  "medicationReference": {
    "reference": "#medexample015"
  },
  "patient": {
    "reference": "Patient/pat1",
    "display": "Donald Duck"
  },
  "dispenser": {
    "reference": "Practitioner/f006",
    "display": "Rob van den Berk"
  },
  "authorizingPrescription": [
    {
      "reference": "MedicationOrder/medrx0309"
    }
  ],
  "dosageInstruction": [
    {
      "sequence": 1,
      "timing": {
        "repeat": {
          "frequency": 2,
          "period": 21,
          "periodUnit": "d"
        }
      },
      "route": {
        "coding": [
          {
            "system": "http://snomed.info/sct",
            "code": "394899003",
            "display": "oral administration of treatment"
          }
        ]
      },
      "doseQuantity": {
        "value": 500,
        "unit": "mg",
        "system": "http://unitsofmeasure.org",
        "code": "mg"
      }
    }
  ]
}