{
  "resourceType": "MedicationOrder",
  "id": "medrx0306",
  "text": {
    "status": "generated",
    "div": "<div xmlns=\"http://www.w3.org/1999/xhtml\"><p><b>Generated Narrative with Details</b></p><p><b>id</b>: medrx0306</p><p><b>contained</b>: </p><p><b>identifier</b>: 12345689 (OFFICIAL)</p><p><b>status</b>: active</p><p><b>medication</b>: Myleran 2mg tablet. Generated Summary: id: med0304; Myleran 2mg tablet, film coated <span>(Details : {http://hl7.org/fhir/sid/ndc code '76388-713-25' = '76388-713-25', given as 'Myleran 2mg tablet, film coated'})</span></p><p><b>patient</b>: <a>Donald Duck</a></p><p><b>dateWritten</b>: Jan 15, 2015</p><p><b>prescriber</b>: <a>Patrick Pump</a></p><p><b>reasonCode</b>: Chronic myeloid Leukemia (disorder) <span>(Details : {SNOMED CT code '92818009' = 'Chronic myeloid leukemia', given as 'Chronic myeloid Leukemia (disorder)'})</span></p><p><b>dosageInstruction</b>: </p></div>"
  },
  "contained": [
    {
      "resourceType": "Medication",
      "id": "med0304",
      "code": {
        "coding": [
          {
            "system": "http://hl7.org/fhir/sid/ndc",
            "code": "76388-713-25",
            "display": "Myleran 2mg tablet, film coated"
          }
        ]
      }
    }
  ],
  "identifier": [
    {
      "use": "official",
      "system": "http://www.bmc.nl/portal/prescriptions",
      "value": "12345689"
    }
  ],
  "status": "active",
  "medicationReference": {
    "reference": "#med0304",
    "display": "Myleran 2mg tablet"
  },
  "patient": {
    "reference": "Patient/pat1",
    "display": "Donald Duck"
  },
  "dateWritten": "2015-01-15",
  "prescriber": {
    "reference": "Practitioner/f007",
    "display": "Patrick Pump"
  },
  "reasonCode": [
    {
      "coding": [
        {
          "system": "http://snomed.info/sct",
          "code": "92818009",
          "display": "Chronic myeloid Leukemia (disorder)"
        }
      ]
    }
  ],
  "dosageInstruction": [
    {
      "sequence": 1,
      "text": "6 mg PO daily for remission induction; adjust dosage to white blood cell (WBC) count.  With hold treatment if WBC is less than 15,000/µL; resume when WBC is greater than 50,000/µL",
      "timing": {
        "repeat": {
          "frequency": 1,
          "period": 1,
          "periodUnit": "d"
        }
      },
      "route": {
        "coding": [
          {
            "system": "http://snomed.info/sct",
            "code": "26643006",
            "display": "Oral route (qualifier value)"
          }
        ]
      },
      "doseQuantity": {
        "value": 6,
        "unit": "mg",
        "system": "http://unitsofmeasure.org",
        "code": "mg"
      }
    }
  ]
}