{
  "resourceType": "MedicationDispense",
  "id": "meddisp0318",
  "text": {
    "status": "generated",
    "div": "<div xmlns=\"http://www.w3.org/1999/xhtml\"><p><b>Generated Narrative with Details</b></p><p><b>id</b>: meddisp0318</p><p><b>status</b>: in-progress</p><p><b>medication</b>: Levothyroxine Sodium Tablets, USP (75mcg) <span>(Details : {http://hl7.org/fhir/sid/ndc code '0378-1805-01' = '0378-1805-01', given as 'Levothyroxine Sodium Tablets, USP (75mcg)'})</span></p><p><b>patient</b>: <a>Donald Duck</a></p><p><b>dispenser</b>: <a>Rob van den Berk</a></p><p><b>authorizingPrescription</b>: <a>MedicationOrder/medrx0314</a></p><p><b>type</b>: Partial Fill <span>(Details : {http://hl7.org/fhir/ValueSet/v3-ActPharmacySupplyType code 'PF' = 'PF', given as 'Partial Fill'})</span></p><p><b>quantity</b>: 100 TAB<span> (Details: UCUM code TAB = 'TAB')</span></p><p><b>daysSupply</b>: 30 Day<span> (Details: UCUM code d = 'd')</span></p><p><b>whenPrepared</b>: Mar 16, 2015 5:13:00 PM</p><p><b>dosageInstruction</b>: </p></div>"
  },
  "status": "in-progress",
  "medicationCodeableConcept": {
    "coding": [
      {
        "system": "http://hl7.org/fhir/sid/ndc",
        "code": "0378-1805-01",
        "display": "Levothyroxine Sodium Tablets, USP (75mcg)"
      }
    ]
  },
  "patient": {
    "reference": "Patient/pat1",
    "display": "Donald Duck"
  },
  "dispenser": {
    "reference": "Practitioner/f006",
    "display": "Rob van den Berk"
  },
  "authorizingPrescription": [
    {
      "reference": "MedicationOrder/medrx0314"
    }
  ],
  "type": {
    "coding": [
      {
        "system": "http://hl7.org/fhir/ValueSet/v3-ActPharmacySupplyType",
        "code": "PF",
        "display": "Partial Fill"
      }
    ]
  },
  "quantity": {
    "value": 100,
    "system": "http://unitsofmeasure.org",
    "code": "TAB"
  },
  "daysSupply": {
    "value": 30,
    "unit": "Day",
    "system": "http://unitsofmeasure.org",
    "code": "d"
  },
  "whenPrepared": "2015-03-16T17:13:00+05:00",
  "dosageInstruction": [
    {
      "sequence": 1,
      "text": "75mcg daily daily",
      "timing": {
        "repeat": {
          "frequency": 1,
          "period": 1,
          "periodUnit": "d"
        }
      },
      "route": {
        "coding": [
          {
            "system": "http://snomed.info/sct",
            "code": "26643006",
            "display": "Oral Route (qualifier value)"
          }
        ]
      },
      "doseQuantity": {
        "value": 75,
        "unit": "mcg",
        "system": "http://unitsofmeasure.org",
        "code": "mcg"
      }
    }
  ]
}