{
  "resourceType": "MedicationStatement",
  "id": "example001",
  "text": {
    "status": "generated",
    "div": "<div xmlns=\"http://www.w3.org/1999/xhtml\"><p><b>Generated Narrative with Details</b></p><p><b>id</b>: example001</p><p><b>contained</b>: </p><p><b>status</b>: active</p><p><b>medication</b>: id: med0309; Tylenol PM <span>(Details : {http://hl7.org/fhir/sid/ndc code '50580-506-02' = '50580-506-02', given as 'Tylenol PM'})</span>; isBrand</p><p><b>patient</b>: <a>Donald Duck</a></p><p><b>effective</b>: Jan 23, 2015</p><p><b>informationSource</b>: <a>Donald Duck</a></p><p><b>dateAsserted</b>: Feb 22, 2015</p><p><b>notTaken</b>: N</p><p><b>reasonForUseCode</b>: Restless Legs <span>(Details : {SNOMED CT code '32914008' = 'Restless legs', given as 'Restless Legs'})</span></p><p><b>note</b>: Patient indicates they miss the occasional dose</p><p><b>dosage</b>: </p></div>"
  },
  "contained": [
    {
      "resourceType": "Medication",
      "id": "med0309",
      "code": {
        "coding": [
          {
            "system": "http://hl7.org/fhir/sid/ndc",
            "code": "50580-506-02",
            "display": "Tylenol PM"
          }
        ]
      },
      "isBrand": true,
      "product": {
        "form": {
          "coding": [
            {
              "system": "http://snomed.info/sct",
              "code": "385057009",
              "display": "Film-coated tablet (qualifier value)"
            }
          ]
        },
        "ingredient": [
          {
            "itemCodeableConcept": {
              "coding": [
                {
                  "system": "http://www.nlm.nih.gov/research/umls/rxnorm",
                  "code": "315266",
                  "display": "Acetaminophen 500 MG"
                }
              ]
            },
            "amount": {
              "numerator": {
                "value": 500,
                "system": "http://unitsofmeasure.org",
                "code": "mg"
              },
              "denominator": {
                "value": 1,
                "system": "http://hl7.org/fhir/v3/orderableDrugForm",
                "code": "Tab"
              }
            }
          },
          {
            "itemCodeableConcept": {
              "coding": [
                {
                  "system": "http://www.nlm.nih.gov/research/umls/rxnorm",
                  "code": "901813",
                  "display": "Diphenhydramine Hydrochloride 25 mg"
                }
              ]
            },
            "amount": {
              "numerator": {
                "value": 25,
                "system": "http://unitsofmeasure.org",
                "code": "mg"
              },
              "denominator": {
                "value": 1,
                "system": "http://hl7.org/fhir/v3/orderableDrugForm",
                "code": "Tab"
              }
            }
          }
        ],
        "batch": [
          {
            "lotNumber": "9494788",
            "expirationDate": "2017-05-22"
          }
        ]
      }
    }
  ],
  "status": "active",
  "medicationReference": {
    "reference": "#med0309"
  },
  "patient": {
    "reference": "Patient/pat1",
    "display": "Donald Duck"
  },
  "effectiveDateTime": "2015-01-23",
  "informationSource": {
    "reference": "Patient/pat1",
    "display": "Donald Duck"
  },
  "dateAsserted": "2015-02-22",
  "notTaken": "N",
  "reasonForUseCode": [
    {
      "coding": [
        {
          "system": "http://snomed.info/sct",
          "code": "32914008",
          "display": "Restless Legs"
        }
      ]
    }
  ],
  "note": [
    {
      "text": "Patient indicates they miss the occasional dose"
    }
  ],
  "dosage": [
    {
      "sequence": 1,
      "text": "1-2 tablets once daily at bedtime as needed for restless legs",
      "additionalInstructions": [
        {
          "text": "Taking at bedtime"
        }
      ],
      "timing": {
        "repeat": {
          "frequency": 1,
          "period": 1,
          "periodUnit": "d"
        }
      },
      "asNeededCodeableConcept": {
        "coding": [
          {
            "system": "http://snomed.info/sct",
            "code": "32914008",
            "display": "Restless Legs"
          }
        ]
      },
      "route": {
        "coding": [
          {
            "system": "http://snomed.info/sct",
            "code": "26643006",
            "display": "Oral Route"
          }
        ]
      },
      "doseRange": {
        "low": {
          "value": 1,
          "unit": "TAB",
          "system": "http://hl7.org/fhir/ValueSet/v3-orderableDrugForm",
          "code": "TAB"
        },
        "high": {
          "value": 2,
          "unit": "TAB",
          "system": "http://hl7.org/fhir/ValueSet/v3-orderableDrugForm",
          "code": "TAB"
        }
      }
    }
  ]
}