{
  "resourceType": "MedicationOrder",
  "id": "medrx0329",
  "text": {
    "status": "generated",
    "div": "<div xmlns=\"http://www.w3.org/1999/xhtml\"><p><b>Generated Narrative with Details</b></p><p><b>id</b>: medrx0329</p><p><b>contained</b>: </p><p><b>identifier</b>: 12345689 (OFFICIAL)</p><p><b>status</b>: on-hold</p><p><b>medication</b>: id: med0319; </p><p><b>patient</b>: <a>Donald Duck</a></p><p><b>dateWritten</b>: Jan 15, 2015</p><p><b>prescriber</b>: <a>Patrick Pump</a></p><p><b>dosageInstruction</b>: </p><h3>DispenseRequests</h3><table><tr><td>-</td><td><b>ValidityPeriod</b></td><td><b>NumberOfRepeatsAllowed</b></td><td><b>Quantity</b></td><td><b>ExpectedSupplyDuration</b></td></tr><tr><td>*</td><td>Jan 15, 2015 --&gt; Jan 15, 2016</td><td>3</td><td>30 g<span> (Details: UCUM code g = 'g')</span></td><td>10 days<span> (Details: UCUM code d = 'd')</span></td></tr></table></div>"
  },
  "contained": [
    {
      "resourceType": "Medication",
      "id": "med0319",
      "isBrand": false,
      "product": {
        "form": {
          "coding": [
            {
              "system": "http://snomed.info/sct",
              "code": "385101003",
              "display": "Ointment"
            }
          ],
          "text": "Ointment"
        },
        "ingredient": [
          {
            "itemCodeableConcept": {
              "coding": [
                {
                  "system": "http://snomed.info/sct",
                  "code": "387253001",
                  "display": "Salicyclic Acid (substance)"
                }
              ]
            },
            "amount": {
              "numerator": {
                "value": 5,
                "system": "http://unitsofmeasure.org",
                "code": "g"
              },
              "denominator": {
                "value": 100,
                "system": "http://unitsofmeasure.org",
                "code": "g"
              }
            }
          },
          {
            "itemCodeableConcept": {
              "coding": [
                {
                  "system": "http://snomed.info/sct",
                  "code": "396458002",
                  "display": "Salicyclic Acid (substance)"
                }
              ]
            },
            "amount": {
              "numerator": {
                "value": 1,
                "system": "http://unitsofmeasure.org",
                "code": "g"
              },
              "denominator": {
                "value": 100,
                "system": "http://unitsofmeasure.org",
                "code": "g"
              }
            }
          },
          {
            "itemCodeableConcept": {
              "coding": [
                {
                  "system": "http://snomed.info/sct",
                  "code": "126066007",
                  "display": "White Petrolatum (substance)"
                }
              ]
            },
            "amount": {
              "numerator": {
                "value": 94,
                "system": "http://unitsofmeasure.org",
                "code": "g"
              },
              "denominator": {
                "value": 100,
                "system": "http://unitsofmeasure.org",
                "code": "g"
              }
            }
          }
        ]
      }
    }
  ],
  "identifier": [
    {
      "use": "official",
      "system": "http://www.bmc.nl/portal/prescriptions",
      "value": "12345689"
    }
  ],
  "status": "on-hold",
  "medicationReference": {
    "reference": "#med0319"
  },
  "patient": {
    "reference": "Patient/pat1",
    "display": "Donald Duck"
  },
  "dateWritten": "2015-01-15",
  "prescriber": {
    "reference": "Practitioner/f007",
    "display": "Patrick Pump"
  },
  "dosageInstruction": [
    {
      "sequence": 1,
      "text": "Apply twice daily to affected area on left arm",
      "additionalInstructions": [
        {
          "text": "Apply sparingly"
        }
      ],
      "timing": {
        "repeat": {
          "frequency": 2,
          "period": 1,
          "periodUnit": "d"
        }
      },
      "siteCodeableConcept": {
        "coding": [
          {
            "system": "http://snomed.info/sct",
            "code": "72098002",
            "display": "Entire left upper arm (body structure)"
          }
        ]
      },
      "route": {
        "coding": [
          {
            "system": "http://snomed.info/sct",
            "code": "359540000",
            "display": "Topical (qualifier value)"
          }
        ]
      },
      "doseQuantity": {
        "value": 1,
        "unit": "ea",
        "system": "http://unitsofmeasure.org",
        "code": "ea"
      }
    }
  ],
  "dispenseRequest": {
    "validityPeriod": {
      "start": "2015-01-15",
      "end": "2016-01-15"
    },
    "numberOfRepeatsAllowed": 3,
    "quantity": {
      "value": 30,
      "unit": "g",
      "system": "http://unitsofmeasure.org",
      "code": "g"
    },
    "expectedSupplyDuration": {
      "value": 10,
      "unit": "days",
      "system": "http://unitsofmeasure.org",
      "code": "d"
    }
  }
}