{
  "resourceType": "MedicationStatement",
  "id": "example003",
  "text": {
    "status": "generated",
    "div": "<div xmlns=\"http://www.w3.org/1999/xhtml\"><p><b>Generated Narrative with Details</b></p><p><b>id</b>: example003</p><p><b>status</b>: active</p><p><b>medication</b>: Little Pink Pill for water retention <span>(Details )</span></p><p><b>patient</b>: <a>Donald Duck</a></p><p><b>effective</b>: Feb 1, 2014</p><p><b>informationSource</b>: <a>Donald Duck</a></p><p><b>dateAsserted</b>: Feb 22, 2014</p><p><b>notTaken</b>: N</p><p><b>note</b>: Patient can not remember the name of the tablet, but takes it every day in the morning for water retention</p><p><b>dosage</b>: </p></div>"
  },
  "status": "active",
  "medicationCodeableConcept": {
    "text": "Little Pink Pill for water retention"
  },
  "patient": {
    "reference": "Patient/pat1",
    "display": "Donald Duck"
  },
  "effectiveDateTime": "2014-02-01",
  "informationSource": {
    "reference": "Patient/pat1",
    "display": "Donald Duck"
  },
  "dateAsserted": "2014-02-22",
  "notTaken": "N",
  "note": [
    {
      "text": "Patient can not remember the name of the tablet, but takes it every day in the morning for water retention"
    }
  ],
  "dosage": [
    {
      "sequence": 1,
      "text": "1 tablet per day",
      "asNeededBoolean": false,
      "route": {
        "coding": [
          {
            "system": "http://snomed.info/sct",
            "code": "260548002",
            "display": "Oral"
          }
        ]
      },
      "doseQuantity": {
        "value": 1,
        "unit": "tab",
        "system": "http://hl7.org/fhir/v3/orderableDrugForm",
        "code": "tab"
      },
      "maxDosePerPeriod": {
        "numerator": {
          "value": 1
        },
        "denominator": {
          "value": 1,
          "system": "http://unitsofmeasure.org",
          "code": "d"
        }
      }
    }
  ]
}