{
  "resourceType": "MedicationDispense",
  "id": "meddisp0322",
  "text": {
    "status": "generated",
    "div": "<div xmlns=\"http://www.w3.org/1999/xhtml\"><p><b>Generated Narrative with Details</b></p><p><b>id</b>: meddisp0322</p><p><b>status</b>: completed</p><p><b>medication</b>: Dilantin 125mg/5ml Oral Suspension <span>(Details : {http://hl7.org/fhir/sid/ndc code '0071-2214-20' = '0071-2214-20', given as 'Dilantin 125mg/5ml Oral Suspension'})</span></p><p><b>patient</b>: <a>Donald Duck</a></p><p><b>dispenser</b>: <a>Rob van den Berk</a></p><p><b>authorizingPrescription</b>: <a>MedicationOrder/medrx0312</a></p><p><b>type</b>: partial Fill <span>(Details : {http://hl7.org/fhir/ValueSet/v3-ActPharmacySupplyType code 'PF' = 'PF', given as 'partial Fill'})</span></p><p><b>quantity</b>: 360 ml<span> (Details: UCUM code ml = 'ml')</span></p><p><b>daysSupply</b>: 30 Day<span> (Details: UCUM code d = 'd')</span></p><p><b>whenPrepared</b>: Jan 16, 2015 7:13:00 AM</p><p><b>whenHandedOver</b>: Jan 18, 2015 7:13:00 AM</p><p><b>dosageInstruction</b>: </p></div>"
  },
  "status": "completed",
  "medicationCodeableConcept": {
    "coding": [
      {
        "system": "http://hl7.org/fhir/sid/ndc",
        "code": "0071-2214-20",
        "display": "Dilantin 125mg/5ml Oral Suspension"
      }
    ]
  },
  "patient": {
    "reference": "Patient/pat1",
    "display": "Donald Duck"
  },
  "dispenser": {
    "reference": "Practitioner/f006",
    "display": "Rob van den Berk"
  },
  "authorizingPrescription": [
    {
      "reference": "MedicationOrder/medrx0312"
    }
  ],
  "type": {
    "coding": [
      {
        "system": "http://hl7.org/fhir/ValueSet/v3-ActPharmacySupplyType",
        "code": "PF",
        "display": "partial Fill"
      }
    ]
  },
  "quantity": {
    "value": 360,
    "system": "http://unitsofmeasure.org",
    "code": "ml"
  },
  "daysSupply": {
    "value": 30,
    "unit": "Day",
    "system": "http://unitsofmeasure.org",
    "code": "d"
  },
  "whenPrepared": "2015-01-16T07:13:00+05:00",
  "whenHandedOver": "2015-01-18T07:13:00+05:00",
  "dosageInstruction": [
    {
      "sequence": 1,
      "text": "100mg (4ml) three times daily",
      "timing": {
        "repeat": {
          "frequency": 3,
          "period": 1,
          "periodUnit": "d"
        }
      },
      "route": {
        "coding": [
          {
            "system": "http://snomed.info/sct",
            "code": "26643006",
            "display": "Oral Route (qualifier value)"
          }
        ]
      },
      "doseQuantity": {
        "value": 4,
        "unit": "ml",
        "system": "http://unitsofmeasure.org",
        "code": "ml"
      }
    }
  ]
}