{
  "resourceType": "MedicationOrder",
  "id": "medrx0320",
  "text": {
    "status": "generated",
    "div": "<div xmlns=\"http://www.w3.org/1999/xhtml\"><p><b>Generated Narrative with Details</b></p><p><b>id</b>: medrx0320</p><p><b>identifier</b>: 12345689 (OFFICIAL)</p><p><b>status</b>: completed</p><p><b>medication</b>: Lantus 100 unit/ml injectable solution <span>(Details : {RxNorm code '285018' = '285018', given as 'Lantus 100 unit/ml injectable solution'})</span></p><p><b>patient</b>: <a>Donald Duck</a></p><p><b>dateWritten</b>: Jan 15, 2015</p><p><b>prescriber</b>: <a>Patrick Pump</a></p><p><b>reasonCode</b>: On subcutaneous insulin for diabetes mellitus (finding) <span>(Details : {SNOMED CT code '473189005' = 'On subcutaneous insulin for diabetes mellitus', given as 'On subcutaneous insulin for diabetes mellitus (finding)'})</span></p><p><b>dosageInstruction</b>: </p><h3>DispenseRequests</h3><table><tr><td>-</td><td><b>ValidityPeriod</b></td><td><b>NumberOfRepeatsAllowed</b></td><td><b>Quantity</b></td><td><b>ExpectedSupplyDuration</b></td></tr><tr><td>*</td><td>Jan 15, 2015 --&gt; Jan 15, 2016</td><td>6</td><td>10 mL<span> (Details: UCUM code mL = 'mL')</span></td><td>30 days<span> (Details: UCUM code d = 'd')</span></td></tr></table></div>"
  },
  "identifier": [
    {
      "use": "official",
      "system": "http://www.bmc.nl/portal/prescriptions",
      "value": "12345689"
    }
  ],
  "status": "completed",
  "medicationCodeableConcept": {
    "coding": [
      {
        "system": "http://www.nlm.nih.gov/research/umls/rxnorm",
        "code": "285018",
        "display": "Lantus 100 unit/ml injectable solution"
      }
    ]
  },
  "patient": {
    "reference": "Patient/pat1",
    "display": "Donald Duck"
  },
  "dateWritten": "2015-01-15",
  "prescriber": {
    "reference": "Practitioner/f007",
    "display": "Patrick Pump"
  },
  "reasonCode": [
    {
      "coding": [
        {
          "system": "http://snomed.info/sct",
          "code": "473189005",
          "display": "On subcutaneous insulin for diabetes mellitus (finding)"
        }
      ]
    }
  ],
  "dosageInstruction": [
    {
      "sequence": 1,
      "text": "20 Units SC three times daily",
      "timing": {
        "repeat": {
          "frequency": 3,
          "period": 1,
          "periodUnit": "d"
        }
      },
      "route": {
        "coding": [
          {
            "system": "http://snomed.info/sct",
            "code": "263887005",
            "display": "Subcutaneous (qualifier value)"
          }
        ]
      },
      "doseQuantity": {
        "value": 20,
        "unit": "U",
        "system": "http://unitsofmeasure.org",
        "code": "U"
      }
    }
  ],
  "dispenseRequest": {
    "validityPeriod": {
      "start": "2015-01-15",
      "end": "2016-01-15"
    },
    "numberOfRepeatsAllowed": 6,
    "quantity": {
      "value": 10,
      "unit": "mL",
      "system": "http://unitsofmeasure.org",
      "code": "mL"
    },
    "expectedSupplyDuration": {
      "value": 30,
      "unit": "days",
      "system": "http://unitsofmeasure.org",
      "code": "d"
    }
  }
}