{
  "resourceType": "MedicationDispense",
  "id": "meddisp0316",
  "text": {
    "status": "generated",
    "div": "<div xmlns=\"http://www.w3.org/1999/xhtml\"><p><b>Generated Narrative with Details</b></p><p><b>id</b>: meddisp0316</p><p><b>status</b>: in-progress</p><p><b>medication</b>: Lantus 100 unit/ml injectable solution <span>(Details : {RxNorm code '285018' = '285018', given as 'Lantus 100 unit/ml injectable solution'})</span></p><p><b>patient</b>: <a>Donald Duck </a></p><p><b>dispenser</b>: <a>Rob van den Berk</a></p><p><b>authorizingPrescription</b>: <a>MedicationOrder/medrx0320</a></p><p><b>type</b>: Partial Fill <span>(Details : {http://hl7.org/fhir/ValueSet/v3-ActPharmacySupplyType code 'PF' = 'PF', given as 'Partial Fill'})</span></p><p><b>quantity</b>: 10 ml<span> (Details: UCUM code ml = 'ml')</span></p><p><b>daysSupply</b>: 30 Day<span> (Details: UCUM code d = 'd')</span></p><p><b>whenPrepared</b>: Jun 25, 2015 7:13:00 AM</p><p><b>dosageInstruction</b>: </p></div>"
  },
  "status": "in-progress",
  "medicationCodeableConcept": {
    "coding": [
      {
        "system": "http://www.nlm.nih.gov/research/umls/rxnorm",
        "code": "285018",
        "display": "Lantus 100 unit/ml injectable solution"
      }
    ]
  },
  "patient": {
    "reference": "Patient/pat1",
    "display": "Donald Duck "
  },
  "dispenser": {
    "reference": "Practitioner/f006",
    "display": "Rob van den Berk"
  },
  "authorizingPrescription": [
    {
      "reference": "MedicationOrder/medrx0320"
    }
  ],
  "type": {
    "coding": [
      {
        "system": "http://hl7.org/fhir/ValueSet/v3-ActPharmacySupplyType",
        "code": "PF",
        "display": "Partial Fill"
      }
    ]
  },
  "quantity": {
    "value": 10,
    "system": "http://unitsofmeasure.org",
    "code": "ml"
  },
  "daysSupply": {
    "value": 30,
    "unit": "Day",
    "system": "http://unitsofmeasure.org",
    "code": "d"
  },
  "whenPrepared": "2015-06-25T07:13:00+05:00",
  "dosageInstruction": [
    {
      "sequence": 1,
      "text": "20 Units SC three times daily",
      "timing": {
        "repeat": {
          "frequency": 3,
          "period": 1,
          "periodUnit": "d"
        }
      },
      "route": {
        "coding": [
          {
            "system": "http://snomed.info/sct",
            "code": "263887005",
            "display": "Subcutaneous (qualifier value)"
          }
        ]
      },
      "doseQuantity": {
        "value": 20,
        "unit": "U",
        "system": "http://unitsofmeasure.org",
        "code": "U"
      }
    }
  ]
}