{
  "resourceType": "OperationDefinition",
  "id": "Measure-evaluate-measure",
  "text": {
    "status": "generated",
    "div": "<div xmlns=\"http://www.w3.org/1999/xhtml\"><h2>Evaluate Measure</h2><p>OPERATION: Evaluate Measure</p><div><p>The evaluate-measure operation is used to invoke an eMeasure and obtain the results</p>\n</div><p>URL: [base]/Measure/$evaluate-measure</p><p>URL: [base]/Measure/[id]/$evaluate-measure</p><p>Parameters</p><table class=\"grid\"><tr><td><b>Use</b></td><td><b>Name</b></td><td><b>Cardinality</b></td><td><b>Type</b></td><td><b>Binding</b></td><td><b>Documentation</b></td></tr><tr><td>IN</td><td>periodStart</td><td>1..1</td><td>date</td><td/><td><div><p>The start of the measurement period</p>\n</div></td></tr><tr><td>IN</td><td>periodEnd</td><td>1..1</td><td>date</td><td/><td><div><p>The end of the measurement period</p>\n</div></td></tr><tr><td>IN</td><td>measure</td><td>0..1</td><td>Reference</td><td/><td><div><p>The measure to evaluate</p>\n</div></td></tr><tr><td>IN</td><td>reportType</td><td>0..1</td><td>code</td><td/><td><div><p>The type of measure report, patient, patient-list, or population</p>\n</div></td></tr><tr><td>IN</td><td>patient</td><td>0..1</td><td>Reference</td><td/><td><div><p>Patient to evaluate against</p>\n</div></td></tr><tr><td>IN</td><td>practitioner</td><td>0..1</td><td>Reference</td><td/><td><div><p>Practitioner to evaluate</p>\n</div></td></tr><tr><td>IN</td><td>lastReceivedOn</td><td>0..1</td><td>dateTime</td><td/><td><div><p>The date the results of this measure were last received</p>\n</div></td></tr><tr><td>OUT</td><td>return</td><td>1..1</td><td>MeasureReport</td><td/><td><div><p>The results of the measure calculation</p>\n</div></td></tr></table><div><p>The effect of invoking this operation is to calculate the measure for the given patient, or all patients if no patient is supplied, and return the results as a MeasureReport resource of the appropriate type</p>\n</div></div>"
  },
  "url": "http://hl7.org/fhir/OperationDefinition/Measure-evaluate-measure",
  "name": "Evaluate Measure",
  "status": "draft",
  "kind": "operation",
  "date": "2016-10-21T22:27:16+00:00",
  "publisher": "HL7 (FHIR Project)",
  "contact": [
    {
      "telecom": [
        {
          "system": "other",
          "value": "http://hl7.org/fhir"
        },
        {
          "system": "email",
          "value": "fhir@lists.hl7.org"
        }
      ]
    }
  ],
  "description": "The evaluate-measure operation is used to invoke an eMeasure and obtain the results",
  "code": "evaluate-measure",
  "comment": "The effect of invoking this operation is to calculate the measure for the given patient, or all patients if no patient is supplied, and return the results as a MeasureReport resource of the appropriate type",
  "resource": [
    "Measure"
  ],
  "system": false,
  "type": true,
  "instance": true,
  "parameter": [
    {
      "name": "periodStart",
      "use": "in",
      "min": 1,
      "max": "1",
      "documentation": "The start of the measurement period",
      "type": "date"
    },
    {
      "name": "periodEnd",
      "use": "in",
      "min": 1,
      "max": "1",
      "documentation": "The end of the measurement period",
      "type": "date"
    },
    {
      "name": "measure",
      "use": "in",
      "min": 0,
      "max": "1",
      "documentation": "The measure to evaluate",
      "type": "Reference",
      "profile": {
        "reference": "http://hl7.org/fhir/StructureDefinition/Measure"
      }
    },
    {
      "name": "reportType",
      "use": "in",
      "min": 0,
      "max": "1",
      "documentation": "The type of measure report, patient, patient-list, or population",
      "type": "code"
    },
    {
      "name": "patient",
      "use": "in",
      "min": 0,
      "max": "1",
      "documentation": "Patient to evaluate against",
      "type": "Reference",
      "profile": {
        "reference": "http://hl7.org/fhir/StructureDefinition/Patient"
      }
    },
    {
      "name": "practitioner",
      "use": "in",
      "min": 0,
      "max": "1",
      "documentation": "Practitioner to evaluate",
      "type": "Reference",
      "profile": {
        "reference": "http://hl7.org/fhir/StructureDefinition/Practitioner"
      }
    },
    {
      "name": "lastReceivedOn",
      "use": "in",
      "min": 0,
      "max": "1",
      "documentation": "The date the results of this measure were last received",
      "type": "dateTime"
    },
    {
      "name": "return",
      "use": "out",
      "min": 1,
      "max": "1",
      "documentation": "The results of the measure calculation",
      "type": "MeasureReport"
    }
  ]
}