{
  "resourceType": "OperationDefinition",
  "id": "Patient-everything",
  "text": {
    "status": "generated",
    "div": "<div xmlns=\"http://www.w3.org/1999/xhtml\"><h2>Fetch Patient Record</h2><p>OPERATION: Fetch Patient Record</p><div><p>This operation is used to return all the information related to the patient described in the resource on which this operation is invoked. The response is a bundle of type &quot;searchset&quot;. At a minimum, the patient resource itself is returned, along with any other resources that the server has that are related to the patient, and that are available for the given user. The server also returns whatever resources are needed to support the records - e.g. linked practitioners, medications, locations, organizations etc. The principle intended use for this operation is to provide a patient with access to their entire record (e.g. &quot;Blue Button&quot;).  The server SHOULD return at least all resources that it has that are in the patient compartment for the identified patient, and any resource referenced from those, including binaries and attachments. In the US Realm, at a mimimum, the resources returned SHALL include all the data covered by the meaningful use common data elements as defined in <a href=\"http://hl7.org/fhir/daf\">DAF</a>. Other applicable implementation guides may make additional rules about how much information that is returned</p>\n</div><p>URL: [base]/Patient/$everything</p><p>URL: [base]/Patient/[id]/$everything</p><p>Parameters</p><table class=\"grid\"><tr><td><b>Use</b></td><td><b>Name</b></td><td><b>Cardinality</b></td><td><b>Type</b></td><td><b>Binding</b></td><td><b>Documentation</b></td></tr><tr><td>IN</td><td>start</td><td>0..1</td><td>date</td><td/><td><div><p>The date range relates to care dates, not record currency dates - e.g. all records relating to care provided in a certain date range. If no start date is provided, all records prior to the end date are in scope.</p>\n</div></td></tr><tr><td>IN</td><td>end</td><td>0..1</td><td>date</td><td/><td><div><p>The date range relates to care dates, not record currency dates - e.g. all records relating to care provided in a certain date range. If no end date is provided, all records subsequent to the start date are in scope.</p>\n</div></td></tr><tr><td>OUT</td><td>return</td><td>1..1</td><td>Bundle</td><td/><td><div><p>The bundle type is &quot;searchset&quot;</p>\n</div></td></tr></table><div><p>The key differences between this operation and simply searching the patient compartment are:<br/></p>\n<ul>\n<li>unless the client requests otherwise, the server returns the entire result set in a single bundle (rather than using paging)</li>\n<li>the server is responsible for determining what resources to return as included resources (rather than the client specifying which ones). This frees the client from needing to determine what it could or should ask for</li>\n</ul>\n<p>It is assumed that the server has identified and secured the context appropriately, and can either associate the authorization context with a single patient, or determine whether the context has the rights to the nominated patient, if there is one. If there is no nominated patient (e.g. the operation is invoked at the system level) and the context is not associated with a single patient record, then the server should return an error. Specifying the relationship between the context, a user and patient records is outside the scope of this specification.</p>\n</div></div>"
  },
  "url": "http://hl7.org/fhir/OperationDefinition/Patient-everything",
  "name": "Fetch Patient Record",
  "status": "draft",
  "kind": "operation",
  "date": "2016-10-21T22:27:16+00:00",
  "publisher": "HL7 (FHIR Project)",
  "contact": [
    {
      "telecom": [
        {
          "system": "other",
          "value": "http://hl7.org/fhir"
        },
        {
          "system": "email",
          "value": "fhir@lists.hl7.org"
        }
      ]
    }
  ],
  "description": "This operation is used to return all the information related to the patient described in the resource on which this operation is invoked. The response is a bundle of type \"searchset\". At a minimum, the patient resource itself is returned, along with any other resources that the server has that are related to the patient, and that are available for the given user. The server also returns whatever resources are needed to support the records - e.g. linked practitioners, medications, locations, organizations etc. The principle intended use for this operation is to provide a patient with access to their entire record (e.g. \"Blue Button\").  The server SHOULD return at least all resources that it has that are in the patient compartment for the identified patient, and any resource referenced from those, including binaries and attachments. In the US Realm, at a mimimum, the resources returned SHALL include all the data covered by the meaningful use common data elements as defined in [DAF](http://hl7.org/fhir/daf). Other applicable implementation guides may make additional rules about how much information that is returned",
  "code": "everything",
  "comment": "The key differences between this operation and simply searching the patient compartment are:  \n\n* unless the client requests otherwise, the server returns the entire result set in a single bundle (rather than using paging) \n* the server is responsible for determining what resources to return as included resources (rather than the client specifying which ones). This frees the client from needing to determine what it could or should ask for\n\nIt is assumed that the server has identified and secured the context appropriately, and can either associate the authorization context with a single patient, or determine whether the context has the rights to the nominated patient, if there is one. If there is no nominated patient (e.g. the operation is invoked at the system level) and the context is not associated with a single patient record, then the server should return an error. Specifying the relationship between the context, a user and patient records is outside the scope of this specification.",
  "resource": [
    "Patient"
  ],
  "system": false,
  "type": true,
  "instance": true,
  "parameter": [
    {
      "name": "start",
      "use": "in",
      "min": 0,
      "max": "1",
      "documentation": "The date range relates to care dates, not record currency dates - e.g. all records relating to care provided in a certain date range. If no start date is provided, all records prior to the end date are in scope.",
      "type": "date"
    },
    {
      "name": "end",
      "use": "in",
      "min": 0,
      "max": "1",
      "documentation": "The date range relates to care dates, not record currency dates - e.g. all records relating to care provided in a certain date range. If no end date is provided, all records subsequent to the start date are in scope.",
      "type": "date"
    },
    {
      "name": "return",
      "use": "out",
      "min": 1,
      "max": "1",
      "documentation": "The bundle type is \"searchset\"",
      "type": "Bundle"
    }
  ]
}