{
  "resourceType": "StructureDefinition",
  "id": "positiveInt",
  "text": {
    "status": "generated",
    "div": "<div xmlns=\"http://www.w3.org/1999/xhtml\">to do</div>"
  },
  "url": "http://hl7.org/fhir/StructureDefinition/positiveInt",
  "name": "positiveInt",
  "status": "draft",
  "publisher": "HL7 FHIR Standard",
  "contact": [
    {
      "telecom": [
        {
          "system": "other",
          "value": "http://hl7.org/fhir"
        }
      ]
    }
  ],
  "date": "2016-10-21T22:27:16+00:00",
  "description": "Base StructureDefinition for positiveInt type: An integer with a value that is positive (e.g. >0)",
  "fhirVersion": "1.7.0",
  "kind": "primitive-type",
  "abstract": false,
  "type": "positiveInt",
  "baseDefinition": "http://hl7.org/fhir/StructureDefinition/integer",
  "derivation": "specialization",
  "snapshot": {
    "element": [
      {
        "id": "positiveInt",
        "path": "positiveInt",
        "short": "Primitive Type positiveInt",
        "definition": "An integer with a value that is positive (e.g. >0)",
        "min": 0,
        "max": "*",
        "base": {
          "path": "positiveInt",
          "min": 0,
          "max": "*"
        },
        "constraint": [
          {
            "key": "ele-1",
            "severity": "error",
            "human": "All FHIR elements must have a @value or children",
            "expression": "children().count() > id.count()",
            "xpath": "@value|f:*|h:div",
            "source": "Element"
          }
        ]
      },
      {
        "id": "positiveInt.extension",
        "path": "positiveInt.extension",
        "short": "Additional Content defined by implementations",
        "definition": "May be used to represent additional information that is not part of the basic definition of the resource. In order to make the use of extensions safe and manageable, there is a strict set of governance  applied to the definition and use of extensions. Though any implementer is allowed to define an extension, there is a set of requirements that SHALL be met as part of the definition of the extension.",
        "comments": "There can be no stigma associated with the use of extensions by any application, project, or standard - regardless of the institution or jurisdiction that uses or defines the extensions.  The use of extensions is what allows the FHIR specification to retain a core level of simplicity for everyone.",
        "alias": [
          "extensions",
          "user content"
        ],
        "min": 0,
        "max": "*",
        "base": {
          "path": "Element.extension",
          "min": 0,
          "max": "*"
        },
        "type": [
          {
            "code": "Extension"
          }
        ]
      },
      {
        "id": "positiveInt.value",
        "path": "positiveInt.value",
        "representation": [
          "xmlAttr"
        ],
        "short": "Primitive value for positiveInt",
        "definition": "Primitive value for positiveInt",
        "min": 0,
        "max": "1",
        "base": {
          "path": "integer.value",
          "min": 0,
          "max": "1"
        },
        "type": [
          {
            "extension": [
              {
                "url": "http://hl7.org/fhir/StructureDefinition/structuredefinition-regex",
                "valueString": "[1-9][0-9]*"
              }
            ],
            "_code": {
              "extension": [
                {
                  "url": "http://hl7.org/fhir/StructureDefinition/structuredefinition-json-type",
                  "valueString": "number"
                },
                {
                  "url": "http://hl7.org/fhir/StructureDefinition/structuredefinition-xml-type",
                  "valueString": "xsd:positiveInteger"
                },
                {
                  "url": "http://hl7.org/fhir/StructureDefinition/structuredefinition-rdf-type",
                  "valueString": "xsd:positiveInteger"
                }
              ]
            }
          }
        ]
      }
    ]
  },
  "differential": {
    "element": [
      {
        "id": "positiveInt",
        "path": "positiveInt",
        "short": "Primitive Type positiveInt",
        "definition": "An integer with a value that is positive (e.g. >0)",
        "min": 0,
        "max": "*"
      },
      {
        "id": "positiveInt.value",
        "path": "positiveInt.value",
        "representation": [
          "xmlAttr"
        ],
        "short": "Primitive value for positiveInt",
        "definition": "Primitive value for positiveInt",
        "min": 0,
        "max": "1",
        "type": [
          {
            "extension": [
              {
                "url": "http://hl7.org/fhir/StructureDefinition/structuredefinition-regex",
                "valueString": "[1-9][0-9]*"
              }
            ],
            "_code": {
              "extension": [
                {
                  "url": "http://hl7.org/fhir/StructureDefinition/structuredefinition-json-type",
                  "valueString": "number"
                },
                {
                  "url": "http://hl7.org/fhir/StructureDefinition/structuredefinition-xml-type",
                  "valueString": "xsd:positiveInteger"
                },
                {
                  "url": "http://hl7.org/fhir/StructureDefinition/structuredefinition-rdf-type",
                  "valueString": "xsd:positiveInteger"
                }
              ]
            }
          }
        ]
      }
    ]
  }
}