{
  "resourceType": "ValueSet",
  "id": "substance-category",
  "meta": {
    "lastUpdated": "2016-10-21T22:27:16.566+00:00",
    "profile": [
      "http://hl7.org/fhir/StructureDefinition/valueset-shareable-definition"
    ]
  },
  "text": {
    "status": "generated",
    "div": "<div xmlns=\"http://www.w3.org/1999/xhtml\"><h2>Substance Category Codes</h2><div><p>Substance category codes</p>\n</div><p>This value set includes codes from the following code systems:</p><ul><li>Include all codes defined in <a href=\"codesystem-substance-category.html\">http://hl7.org/fhir/substance-category</a></li></ul></div>"
  },
  "url": "http://hl7.org/fhir/ValueSet/substance-category",
  "identifier": [
    {
      "system": "urn:ietf:rfc:3986",
      "value": "urn:oid:2.16.840.1.113883.4.642.2.279"
    }
  ],
  "version": "1.7.0",
  "name": "Substance Category Codes",
  "status": "draft",
  "experimental": true,
  "publisher": "HL7 Orders and Observations Workgroup",
  "contact": [
    {
      "telecom": [
        {
          "system": "other",
          "value": "http://www.hl7.org/Special/committees/orders/index.cfm"
        }
      ]
    }
  ],
  "date": "2016-10-21T22:27:16+00:00",
  "description": "Substance category codes",
  "compose": {
    "include": [
      {
        "system": "http://hl7.org/fhir/substance-category"
      }
    ]
  }
}