{
  "resourceType": "ValueSet",
  "id": "omb-race",
  "meta": {
    "lastUpdated": "2016-10-21T22:27:16.566+00:00",
    "profile": [
      "http://hl7.org/fhir/StructureDefinition/valueset-shareable-definition"
    ]
  },
  "text": {
    "status": "generated",
    "div": "<div xmlns=\"http://www.w3.org/1999/xhtml\"><h2>OMB Race Categories</h2><div><p>The codes for the concepts 'Unknown' and  'Asked but no answer' and the the codes for the five race categories - 'American Indian' or 'Alaska Native', 'Asian', 'Black or African American', 'Native Hawaiian or Other Pacific Islander', and 'White' - as defined by the <a href=\"https://www.whitehouse.gov/omb/fedreg_1997standards\">OMB Standards for Maintaining, Collecting, and Presenting Federal Data on Race and Ethnicity, Statistical Policy Directive No. 15, as revised, October 30, 1997</a> .</p>\n</div><p>This value set includes codes from the following code systems:</p><ul><li>Include these codes as defined in <a href=\"v3/Race/cs.html\">http://hl7.org/fhir/v3/Race</a><table class=\"none\"><tr><td><b>Code</b></td><td><b>Display</b></td></tr><tr><td>1002-5</td><td>American Indian or Alaska Native</td><td>American Indian or Alaska Native</td></tr><tr><td>2028-9</td><td>Asian</td><td>Asian</td></tr><tr><td>2054-5</td><td>Black or African American</td><td>Black or African American</td></tr><tr><td>2076-8</td><td>Native Hawaiian or Other Pacific Islander</td><td>Native Hawaiian or Other Pacific Islander</td></tr><tr><td>2106-3</td><td>White</td><td>White</td></tr></table></li><li>Include these codes as defined in <a href=\"v3/NullFlavor/cs.html\">http://hl7.org/fhir/v3/NullFlavor</a><table class=\"none\"><tr><td><b>Code</b></td><td><b>Display</b></td></tr><tr><td>UNK</td><td>Unknown</td><td>Description:A proper value is applicable, but not known.<br/>\n                        \n                           Usage Notes: This means the actual value is not known.  If the only thing that is unknown is how to properly express the value in the necessary constraints (value set, datatype, etc.), then the OTH or UNC flavor should be used.  No properties should be included for a datatype with this property unless:<br/>\n                        \n                           Those properties themselves directly translate to a semantic of &quot;unknown&quot;.  (E.g. a local code sent as a translation that conveys 'unknown')\n                           Those properties further qualify the nature of what is unknown.  (E.g. specifying a use code of &quot;H&quot; and a URL prefix of &quot;tel:&quot; to convey that it is the home phone number that is unknown.)</td></tr><tr><td>ASKU</td><td>Asked but no answer</td><td>Information was sought but not found (e.g., patient was asked but didn't know)</td></tr></table></li></ul></div>"
  },
  "url": "http://hl7.org/fhir/ValueSet/omb-race",
  "identifier": [
    {
      "system": "urn:ietf:rfc:3986",
      "value": "urn:oid:2.16.840.1.113883.4.642.2.575"
    }
  ],
  "version": "1.5.0",
  "name": "OMB Race Categories",
  "status": "active",
  "experimental": true,
  "publisher": "DAF Project",
  "contact": [
    {
      "telecom": [
        {
          "system": "other",
          "value": "http://hl7.org/fhir"
        }
      ]
    },
    {
      "telecom": [
        {
          "system": "other",
          "value": "http://wiki.siframework.org/Data+Access+Framework+Homepage"
        }
      ]
    }
  ],
  "date": "2016-05-25T16:59:08+10:00",
  "description": "The codes for the concepts 'Unknown' and  'Asked but no answer' and the the codes for the five race categories - 'American Indian' or 'Alaska Native', 'Asian', 'Black or African American', 'Native Hawaiian or Other Pacific Islander', and 'White' - as defined by the [OMB Standards for Maintaining, Collecting, and Presenting Federal Data on Race and Ethnicity, Statistical Policy Directive No. 15, as revised, October 30, 1997](https://www.whitehouse.gov/omb/fedreg_1997standards) .",
  "compose": {
    "include": [
      {
        "system": "http://hl7.org/fhir/v3/Race",
        "concept": [
          {
            "code": "1002-5",
            "display": "American Indian or Alaska Native"
          },
          {
            "code": "2028-9",
            "display": "Asian"
          },
          {
            "code": "2054-5",
            "display": "Black or African American"
          },
          {
            "code": "2076-8",
            "display": "Native Hawaiian or Other Pacific Islander"
          },
          {
            "code": "2106-3",
            "display": "White"
          }
        ]
      },
      {
        "system": "http://hl7.org/fhir/v3/NullFlavor",
        "concept": [
          {
            "code": "UNK",
            "display": "Unknown"
          },
          {
            "code": "ASKU",
            "display": "Asked but no answer"
          }
        ]
      }
    ]
  }
}