{
  "resourceType": "ValueSet",
  "id": "dataelement-sdcobjectclassproperty",
  "meta": {
    "lastUpdated": "2016-10-21T22:27:16.566+00:00",
    "profile": [
      "http://hl7.org/fhir/StructureDefinition/valueset-shareable-definition"
    ]
  },
  "text": {
    "status": "generated",
    "div": "<div xmlns=\"http://www.w3.org/1999/xhtml\"><h2>DataElement SDC Object Class</h2><div><p>The allowed codes for identifying the ISO 11179 ObjectClass Property for a particular data element if intended for registration/use within the U.S. Structured Data Capture (SDC) project.</p>\n</div><p><b>Copyright Statement:</b> This value set includes content from LOINC®, which is copyright © 1995 Regenstrief Institute, Inc. and the LOINC Committee, and available at no cost under the license at http://loinc.org/terms-of-use. This value set includes content from SNOMED CT, which is copyright © 2002+ International Health Terminology Standards Development Organisation (IHTSDO), and distributed by agreement between IHTSDO and HL7. Implementer use of SNOMED CT is not covered by this agreement.</p><p>This value set includes codes from the following code systems:</p><ul><li>Include all codes defined in <a href=\"codesystem-snomedct.html\">http://snomed.info/sct</a></li><li>Include all codes defined in http://loinc.org</li><li>Include all codes defined in http://www.nlm.nih.gov/research/umls/rxnorm</li></ul></div>"
  },
  "url": "http://hl7.org/fhir/ValueSet/dataelement-sdcobjectclassproperty",
  "identifier": [
    {
      "system": "urn:ietf:rfc:3986",
      "value": "urn:oid:2.16.840.1.113883.4.642.2.373"
    }
  ],
  "version": "1.7.0",
  "name": "DataElement SDC Object Class",
  "status": "draft",
  "experimental": true,
  "publisher": "Office of the National Coordinator for Health IT",
  "contact": [
    {
      "telecom": [
        {
          "system": "other",
          "value": "http://healthit.gov"
        }
      ]
    }
  ],
  "date": "2016-10-21T22:27:16+00:00",
  "description": "The allowed codes for identifying the ISO 11179 ObjectClass Property for a particular data element if intended for registration/use within the U.S. Structured Data Capture (SDC) project.",
  "copyright": "This value set includes content from LOINC®, which is copyright © 1995 Regenstrief Institute, Inc. and the LOINC Committee, and available at no cost under the license at http://loinc.org/terms-of-use. This value set includes content from SNOMED CT, which is copyright © 2002+ International Health Terminology Standards Development Organisation (IHTSDO), and distributed by agreement between IHTSDO and HL7. Implementer use of SNOMED CT is not covered by this agreement.",
  "compose": {
    "include": [
      {
        "system": "http://snomed.info/sct"
      },
      {
        "system": "http://loinc.org"
      },
      {
        "system": "http://www.nlm.nih.gov/research/umls/rxnorm"
      }
    ]
  }
}