{
  "resourceType": "ValueSet",
  "id": "kos-title",
  "meta": {
    "lastUpdated": "2016-10-21T22:27:16.566+00:00",
    "profile": [
      "http://hl7.org/fhir/StructureDefinition/valueset-shareable-definition"
    ]
  },
  "text": {
    "status": "extensions",
    "div": "<div xmlns=\"http://www.w3.org/1999/xhtml\"><h2>KOStitle</h2><div><p>The document title code of key object selection</p>\n</div><p><b>Copyright Statement:</b> These codes are excerpted from Digital Imaging and Communications in Medicine (DICOM) Standard, Part 16: Content Mapping Resource, Copyright 2011 by the National Electrical Manufacturers Association.</p><p>This value set includes codes from the following code systems:</p><ul><li>Include these codes as defined in <a href=\"codesystem-dicom-dcim.html\">http://nema.org/dicom/dicm</a><table class=\"none\"><tr><td><b>Code</b></td><td><b>Display</b></td><td><b>Definition</b></td></tr><tr><td>113000</td><td>Of Interest</td><td>Of Interest</td></tr><tr><td>113002</td><td>For Referring Provider</td><td>For Referring Provider</td></tr><tr><td>113003</td><td>For Surgery</td><td>For Surgery</td></tr><tr><td>113004</td><td>For Teaching</td><td>For Teaching</td></tr><tr><td>113005</td><td>For Conference</td><td>For Conference</td></tr><tr><td>113006</td><td>For Therapy</td><td>For Therapy</td></tr><tr><td>113007</td><td>For Patient</td><td>For Patient</td></tr><tr><td>113008</td><td>For Peer Review</td><td>For Peer Review</td></tr><tr><td>113009</td><td>For Research</td><td>For Research</td></tr><tr><td>113013</td><td>Best In Set</td><td>Best In Set</td></tr><tr><td>113018</td><td>For Printing</td><td>For Printing</td></tr><tr><td>113020</td><td>For Report Attachment</td><td>For Report Attachment</td></tr><tr><td>113021</td><td>For Litigation</td><td>For Litigation</td></tr><tr><td>113030</td><td>Manifest</td><td>Manifest</td></tr><tr><td>113031</td><td>Signed Manifest</td><td>Signed Manifest</td></tr><tr><td>113032</td><td>Complete Study Content</td><td>Complete Study Content</td></tr><tr><td>113033</td><td>Signed Complete Study Content</td><td>Signed Complete Study Content</td></tr><tr><td>113034</td><td>Complete Acquisition Content</td><td>Complete Acquisition Content</td></tr><tr><td>113035</td><td>Signed Complete Acquisition Content</td><td>Signed Complete Acquisition Content</td></tr><tr><td>113036</td><td>Group of Frames for Display</td><td>Group of Frames for Display</td></tr></table></li></ul></div>"
  },
  "url": "http://hl7.org/fhir/ValueSet/kos-title",
  "identifier": [
    {
      "system": "urn:ietf:rfc:3986",
      "value": "urn:oid:2.16.840.1.113883.4.642.2.159"
    }
  ],
  "version": "1.7.0",
  "name": "KOStitle",
  "status": "draft",
  "experimental": false,
  "publisher": "HL7 (FHIR Project)",
  "contact": [
    {
      "telecom": [
        {
          "system": "other",
          "value": "http://hl7.org/fhir"
        },
        {
          "system": "email",
          "value": "fhir@lists.hl7.org"
        }
      ]
    }
  ],
  "date": "2016-10-21T22:27:16+00:00",
  "description": "The document title code of key object selection",
  "copyright": "These codes are excerpted from Digital Imaging and Communications in Medicine (DICOM) Standard, Part 16: Content Mapping Resource, Copyright 2011 by the National Electrical Manufacturers Association.",
  "compose": {
    "include": [
      {
        "system": "http://nema.org/dicom/dicm",
        "concept": [
          {
            "extension": [
              {
                "url": "http://hl7.org/fhir/StructureDefinition/valueset-definition",
                "valueString": "Of Interest"
              }
            ],
            "code": "113000"
          },
          {
            "extension": [
              {
                "url": "http://hl7.org/fhir/StructureDefinition/valueset-definition",
                "valueString": "For Referring Provider"
              }
            ],
            "code": "113002"
          },
          {
            "extension": [
              {
                "url": "http://hl7.org/fhir/StructureDefinition/valueset-definition",
                "valueString": "For Surgery"
              }
            ],
            "code": "113003"
          },
          {
            "extension": [
              {
                "url": "http://hl7.org/fhir/StructureDefinition/valueset-definition",
                "valueString": "For Teaching"
              }
            ],
            "code": "113004"
          },
          {
            "extension": [
              {
                "url": "http://hl7.org/fhir/StructureDefinition/valueset-definition",
                "valueString": "For Conference"
              }
            ],
            "code": "113005"
          },
          {
            "extension": [
              {
                "url": "http://hl7.org/fhir/StructureDefinition/valueset-definition",
                "valueString": "For Therapy"
              }
            ],
            "code": "113006"
          },
          {
            "extension": [
              {
                "url": "http://hl7.org/fhir/StructureDefinition/valueset-definition",
                "valueString": "For Patient"
              }
            ],
            "code": "113007"
          },
          {
            "extension": [
              {
                "url": "http://hl7.org/fhir/StructureDefinition/valueset-definition",
                "valueString": "For Peer Review"
              }
            ],
            "code": "113008"
          },
          {
            "extension": [
              {
                "url": "http://hl7.org/fhir/StructureDefinition/valueset-definition",
                "valueString": "For Research"
              }
            ],
            "code": "113009"
          },
          {
            "extension": [
              {
                "url": "http://hl7.org/fhir/StructureDefinition/valueset-definition",
                "valueString": "Best In Set"
              }
            ],
            "code": "113013"
          },
          {
            "extension": [
              {
                "url": "http://hl7.org/fhir/StructureDefinition/valueset-definition",
                "valueString": "For Printing"
              }
            ],
            "code": "113018"
          },
          {
            "extension": [
              {
                "url": "http://hl7.org/fhir/StructureDefinition/valueset-definition",
                "valueString": "For Report Attachment"
              }
            ],
            "code": "113020"
          },
          {
            "extension": [
              {
                "url": "http://hl7.org/fhir/StructureDefinition/valueset-definition",
                "valueString": "For Litigation"
              }
            ],
            "code": "113021"
          },
          {
            "extension": [
              {
                "url": "http://hl7.org/fhir/StructureDefinition/valueset-definition",
                "valueString": "Manifest"
              }
            ],
            "code": "113030"
          },
          {
            "extension": [
              {
                "url": "http://hl7.org/fhir/StructureDefinition/valueset-definition",
                "valueString": "Signed Manifest"
              }
            ],
            "code": "113031"
          },
          {
            "extension": [
              {
                "url": "http://hl7.org/fhir/StructureDefinition/valueset-definition",
                "valueString": "Complete Study Content"
              }
            ],
            "code": "113032"
          },
          {
            "extension": [
              {
                "url": "http://hl7.org/fhir/StructureDefinition/valueset-definition",
                "valueString": "Signed Complete Study Content"
              }
            ],
            "code": "113033"
          },
          {
            "extension": [
              {
                "url": "http://hl7.org/fhir/StructureDefinition/valueset-definition",
                "valueString": "Complete Acquisition Content"
              }
            ],
            "code": "113034"
          },
          {
            "extension": [
              {
                "url": "http://hl7.org/fhir/StructureDefinition/valueset-definition",
                "valueString": "Signed Complete Acquisition Content"
              }
            ],
            "code": "113035"
          },
          {
            "extension": [
              {
                "url": "http://hl7.org/fhir/StructureDefinition/valueset-definition",
                "valueString": "Group of Frames for Display"
              }
            ],
            "code": "113036"
          }
        ]
      }
    ]
  }
}