{
  "resourceType": "ValueSet",
  "id": "digital-media-subtype",
  "meta": {
    "lastUpdated": "2016-10-21T22:27:16.566+00:00",
    "profile": [
      "http://hl7.org/fhir/StructureDefinition/valueset-shareable-definition"
    ]
  },
  "text": {
    "status": "generated",
    "div": "<div xmlns=\"http://www.w3.org/1999/xhtml\"><h2>Media SubType</h2><div><p>Detailed information about the type of the image - its kind, purpose, or the kind of equipment used to generate it.</p>\n</div><p><b>Copyright Statement:</b> This value set includes content from SNOMED CT, which is copyright © 2002+ International Health Terminology Standards Development Organisation (IHTSDO), and distributed by agreement between IHTSDO and HL7. Implementer use of SNOMED CT is not covered by this agreement.</p><p>This value set includes codes from the following code systems:</p><ul><li/><li>Import all the codes that are contained in <a href=\"valueset-dicom-cid29.html\">http://hl7.org/fhir/ValueSet/dicom-cid29</a></li><li>Include codes from <a href=\"codesystem-snomedct.html\">http://snomed.info/sct</a> where concept  is-a  363679005 (Imaging (procedure))</li><li>Include all codes defined in <a href=\"codesystem-digital-media-subtype.html\">http://hl7.org/fhir/media-subtype</a></li></ul></div>"
  },
  "url": "http://hl7.org/fhir/ValueSet/digital-media-subtype",
  "identifier": [
    {
      "system": "urn:ietf:rfc:3986",
      "value": "urn:oid:2.16.840.1.113883.4.642.2.184"
    }
  ],
  "version": "1.7.0",
  "name": "Media SubType",
  "status": "draft",
  "experimental": true,
  "publisher": "FHIR Project team",
  "contact": [
    {
      "telecom": [
        {
          "system": "other",
          "value": "http://hl7.org/fhir"
        }
      ]
    }
  ],
  "date": "2016-10-21T22:27:16+00:00",
  "description": "Detailed information about the type of the image - its kind, purpose, or the kind of equipment used to generate it.",
  "copyright": "This value set includes content from SNOMED CT, which is copyright © 2002+ International Health Terminology Standards Development Organisation (IHTSDO), and distributed by agreement between IHTSDO and HL7. Implementer use of SNOMED CT is not covered by this agreement.",
  "compose": {
    "include": [
      {
        "valueSet": [
          "http://hl7.org/fhir/ValueSet/dicom-cid29"
        ]
      },
      {
        "system": "http://snomed.info/sct",
        "filter": [
          {
            "property": "concept",
            "op": "is-a",
            "value": "363679005"
          }
        ]
      },
      {
        "system": "http://hl7.org/fhir/media-subtype"
      }
    ]
  }
}