{
  "resourceType": "ValueSet",
  "id": "bodysite-laterality",
  "meta": {
    "lastUpdated": "2016-10-21T22:27:16.566+00:00",
    "profile": [
      "http://hl7.org/fhir/StructureDefinition/valueset-shareable-definition"
    ]
  },
  "text": {
    "status": "generated",
    "div": "<div xmlns=\"http://www.w3.org/1999/xhtml\"><h2>Laterality</h2><div><p>Laterality: SNOMED-CT concepts for 'left', 'right', and 'bilateral'</p>\n</div><p><b>Copyright Statement:</b> This value set includes content from SNOMED CT, which is copyright © 2002+ International Health Terminology Standards Development Organisation (IHTSDO), and distributed by agreement between IHTSDO and HL7. Implementer use of SNOMED CT is not covered by this agreement</p><p>This value set includes codes from the following code systems:</p><ul><li>Include these codes as defined in <a href=\"codesystem-snomedct.html\">http://snomed.info/sct</a><table class=\"none\"><tr><td><b>Code</b></td><td><b>Display</b></td></tr><tr><td>419161000</td><td>Unilateral left</td><td/></tr><tr><td>419465000</td><td>Unilateral right</td><td/></tr><tr><td>51440002</td><td>Bilateral</td><td/></tr></table></li></ul></div>"
  },
  "url": "http://hl7.org/fhir/ValueSet/bodysite-laterality",
  "identifier": [
    {
      "system": "urn:ietf:rfc:3986",
      "value": "urn:oid:2.16.840.1.113883.4.642.2.442"
    }
  ],
  "version": "1.7.0",
  "name": "Laterality",
  "status": "draft",
  "experimental": true,
  "publisher": "Order and Observation Workgroup",
  "contact": [
    {
      "telecom": [
        {
          "system": "other",
          "value": "http://hl7.org/fhir"
        }
      ]
    }
  ],
  "date": "2016-10-21T22:27:16+00:00",
  "description": "Laterality: SNOMED-CT concepts for 'left', 'right', and 'bilateral'",
  "copyright": "This value set includes content from SNOMED CT, which is copyright © 2002+ International Health Terminology Standards Development Organisation (IHTSDO), and distributed by agreement between IHTSDO and HL7. Implementer use of SNOMED CT is not covered by this agreement",
  "compose": {
    "include": [
      {
        "system": "http://snomed.info/sct",
        "concept": [
          {
            "code": "419161000",
            "display": "Unilateral left"
          },
          {
            "code": "419465000",
            "display": "Unilateral right"
          },
          {
            "code": "51440002",
            "display": "Bilateral"
          }
        ]
      }
    ]
  }
}