{
  "resourceType": "ValueSet",
  "id": "consent-content-class",
  "meta": {
    "lastUpdated": "2016-10-21T22:27:16.566+00:00",
    "profile": [
      "http://hl7.org/fhir/StructureDefinition/valueset-shareable-definition"
    ]
  },
  "text": {
    "status": "generated",
    "div": "<div xmlns=\"http://www.w3.org/1999/xhtml\"><h2>Consent Content Class</h2><div><p>This value set includes the FHIR resource types, along with some other important content class codes</p>\n</div><p>This value set includes codes from the following code systems:</p><ul><li/><li>Import all the codes that are contained in <a href=\"valueset-formatcodes.html\">http://hl7.org/fhir/ValueSet/formatcodes</a></li><li>Include all codes defined in <a href=\"codesystem-resource-types.html\">http://hl7.org/fhir/resource-types</a></li><li>Include these codes as defined in urn:ietf:rfc:3986<table class=\"none\"><tr><td><b>Code</b></td><td><b>Display</b></td></tr><tr><td>http://hl7.org/fhir/StructureDefinition/lipidprofile</td><td>Lipid Lab Report</td><td/></tr></table></li><li>Include these codes as defined in urn:ietf:bcp:13<table class=\"none\"><tr><td><b>Code</b></td><td><b>Display</b></td></tr><tr><td>application/hl7-cda+xml</td><td>CDA Documents</td><td/></tr></table></li></ul></div>"
  },
  "url": "http://hl7.org/fhir/ValueSet/consent-content-class",
  "identifier": [
    {
      "system": "urn:ietf:rfc:3986",
      "value": "urn:oid:2.16.840.1.113883.4.642.2.975"
    }
  ],
  "version": "1.7.0",
  "name": "Consent Content Class",
  "status": "draft",
  "experimental": true,
  "publisher": "CBCC",
  "contact": [
    {
      "telecom": [
        {
          "system": "other",
          "value": "http://hl7.org/fhir"
        }
      ]
    }
  ],
  "date": "2016-10-21T22:27:16+00:00",
  "description": "This value set includes the FHIR resource types, along with some other important content class codes",
  "compose": {
    "include": [
      {
        "valueSet": [
          "http://hl7.org/fhir/ValueSet/formatcodes"
        ]
      },
      {
        "system": "http://hl7.org/fhir/resource-types"
      },
      {
        "system": "urn:ietf:rfc:3986",
        "concept": [
          {
            "code": "http://hl7.org/fhir/StructureDefinition/lipidprofile",
            "display": "Lipid Lab Report"
          }
        ]
      },
      {
        "system": "urn:ietf:bcp:13",
        "concept": [
          {
            "code": "application/hl7-cda+xml",
            "display": "CDA Documents"
          }
        ]
      }
    ]
  }
}