{
  "resourceType": "ValueSet",
  "id": "composition-status",
  "meta": {
    "lastUpdated": "2016-10-21T22:27:16.566+00:00",
    "profile": [
      "http://hl7.org/fhir/StructureDefinition/valueset-shareable-definition"
    ]
  },
  "text": {
    "status": "generated",
    "div": "<div xmlns=\"http://www.w3.org/1999/xhtml\"><h2>CompositionStatus</h2><div><p>The workflow/clinical status of the composition.</p>\n</div><p>This value set includes codes from the following code systems:</p><ul><li>Include all codes defined in <a href=\"codesystem-composition-status.html\">http://hl7.org/fhir/composition-status</a></li></ul></div>"
  },
  "url": "http://hl7.org/fhir/ValueSet/composition-status",
  "identifier": [
    {
      "system": "urn:ietf:rfc:3986",
      "value": "urn:oid:2.16.840.1.113883.4.642.2.123"
    }
  ],
  "version": "1.7.0",
  "name": "CompositionStatus",
  "status": "draft",
  "experimental": false,
  "publisher": "HL7 (FHIR Project)",
  "contact": [
    {
      "telecom": [
        {
          "system": "other",
          "value": "http://hl7.org/fhir"
        },
        {
          "system": "email",
          "value": "fhir@lists.hl7.org"
        }
      ]
    }
  ],
  "date": "2016-10-21T22:27:16+00:00",
  "description": "The workflow/clinical status of the composition.",
  "compose": {
    "include": [
      {
        "system": "http://hl7.org/fhir/composition-status"
      }
    ]
  }
}