{
  "resourceType": "ValueSet",
  "id": "object-lifecycle",
  "meta": {
    "lastUpdated": "2016-10-21T22:27:16.566+00:00",
    "profile": [
      "http://hl7.org/fhir/StructureDefinition/valueset-shareable-definition"
    ]
  },
  "text": {
    "status": "generated",
    "div": "<div xmlns=\"http://www.w3.org/1999/xhtml\"><h2>AuditEventEntityLifecycle</h2><div><p>Identifier for the data life-cycle stage for the entity.</p>\n</div><p><b>Copyright Statement:</b> These codes are excerpted from Digital Imaging and Communications in Medicine (DICOM) Standard, Part 16: Content Mapping Resource, Copyright © 2011 by the National Electrical Manufacturers Association.</p><p>This value set includes codes from the following code systems:</p><ul><li>Include all codes defined in <a href=\"codesystem-object-lifecycle.html\">http://hl7.org/fhir/object-lifecycle</a></li></ul></div>"
  },
  "url": "http://hl7.org/fhir/ValueSet/object-lifecycle",
  "identifier": [
    {
      "system": "urn:ietf:rfc:3986",
      "value": "urn:oid:2.16.840.1.113883.4.642.2.958"
    }
  ],
  "version": "1.7.0",
  "name": "AuditEventEntityLifecycle",
  "status": "draft",
  "experimental": false,
  "publisher": "HL7 (FHIR Project)",
  "contact": [
    {
      "telecom": [
        {
          "system": "other",
          "value": "http://hl7.org/fhir"
        },
        {
          "system": "email",
          "value": "fhir@lists.hl7.org"
        }
      ]
    }
  ],
  "date": "2016-10-21T22:27:16+00:00",
  "description": "Identifier for the data life-cycle stage for the entity.",
  "copyright": "These codes are excerpted from Digital Imaging and Communications in Medicine (DICOM) Standard, Part 16: Content Mapping Resource, Copyright © 2011 by the National Electrical Manufacturers Association.",
  "compose": {
    "include": [
      {
        "system": "http://hl7.org/fhir/object-lifecycle"
      }
    ]
  }
}