{
  "resourceType": "ValueSet",
  "id": "list-item-flag",
  "meta": {
    "lastUpdated": "2016-10-21T22:27:16.566+00:00",
    "profile": [
      "http://hl7.org/fhir/StructureDefinition/valueset-shareable-definition"
    ]
  },
  "text": {
    "status": "generated",
    "div": "<div xmlns=\"http://www.w3.org/1999/xhtml\"><h2>Patient Medicine Change Types</h2><div><p>Example Item Flags for the List Resource. In this case, these are the kind of flags that would be used on a medication list at the end of a consultation.</p>\n</div><p><b>Copyright Statement:</b>  Copyright © 2012-2013 National E-Health Transition Authority Ltd : This document contains information which is protected by copyright. All Rights Reserved. No part of this work may be reproduced or used in any form or by any means--graphic, electronic, or mechanical, including photocopying,  recording, taping, or information storage and retrieval systems--without the permission of NEHTA. All copies of this  document must include the copyright and other information contained on this page.  Revision 1  Telephone: 1300 901 001 or email: servicedesk@nehta.gov.au  Disclaimer: The National E-Health Transition Authority Ltd (NEHTA) makes the information and other material ('Information') in  this document available in good faith but without any representation or warranty as to its accuracy or completeness.  NEHTA cannot accept any responsibility for the consequences of any use of the Information. As the Information is of a  general nature only, it is up to any person using or relying on the Information to ensure that it is accurate, complete  and suitable for the circumstances of its use.</p><p>This value set includes codes from the following code systems:</p><ul><li>Include all codes defined in <a href=\"codesystem-list-item-flag.html\">urn:oid:1.2.36.1.2001.1001.101.104.16592</a></li></ul></div>"
  },
  "url": "http://hl7.org/fhir/ValueSet/list-item-flag",
  "identifier": [
    {
      "system": "urn:ietf:rfc:3986",
      "value": "urn:oid:2.16.840.1.113883.4.642.2.175"
    }
  ],
  "version": "1",
  "name": "Patient Medicine Change Types",
  "status": "draft",
  "experimental": true,
  "publisher": "National E-Health Transition Authority Ltd (NEHTA)",
  "contact": [
    {
      "telecom": [
        {
          "system": "other",
          "value": "http://www.nehta.gov.au"
        }
      ]
    }
  ],
  "date": "2016-10-21T22:27:16+00:00",
  "description": "Example Item Flags for the List Resource. In this case, these are the kind of flags that would be used on a medication list at the end of a consultation.",
  "copyright": " Copyright © 2012-2013 National E-Health Transition Authority Ltd : This document contains information which is protected by copyright. All Rights Reserved. No part of this work may be reproduced or used in any form or by any means--graphic, electronic, or mechanical, including photocopying,  recording, taping, or information storage and retrieval systems--without the permission of NEHTA. All copies of this  document must include the copyright and other information contained on this page.  Revision 1  Telephone: 1300 901 001 or email: servicedesk@nehta.gov.au  Disclaimer: The National E-Health Transition Authority Ltd (NEHTA) makes the information and other material ('Information') in  this document available in good faith but without any representation or warranty as to its accuracy or completeness.  NEHTA cannot accept any responsibility for the consequences of any use of the Information. As the Information is of a  general nature only, it is up to any person using or relying on the Information to ensure that it is accurate, complete  and suitable for the circumstances of its use.",
  "compose": {
    "include": [
      {
        "system": "urn:oid:1.2.36.1.2001.1001.101.104.16592"
      }
    ]
  }
}