{
  "resourceType": "ValueSet",
  "id": "procedure-outcome",
  "meta": {
    "lastUpdated": "2016-10-21T22:27:16.566+00:00",
    "profile": [
      "http://hl7.org/fhir/StructureDefinition/valueset-shareable-definition"
    ]
  },
  "text": {
    "status": "generated",
    "div": "<div xmlns=\"http://www.w3.org/1999/xhtml\"><h2>Procedure Outcome Codes (SNOMED CT)</h2><div><p>Procedure Outcome code: A selection of relevant SNOMED CT codes.</p>\n</div><p><b>Copyright Statement:</b> This value set includes content from SNOMED CT, which is copyright © 2002+ International Health Terminology Standards Development Organisation (IHTSDO), and distributed by agreement between IHTSDO and HL7. Implementer use of SNOMED CT is not covered by this agreement.</p><p>This value set includes codes from the following code systems:</p><ul><li>Include these codes as defined in <a href=\"codesystem-snomedct.html\">http://snomed.info/sct</a><table class=\"none\"><tr><td><b>Code</b></td><td><b>Display</b></td></tr><tr><td>385669000</td><td>Successful (qualifier value)</td><td/></tr><tr><td>385671000</td><td>Unsuccessful (qualifier value)</td><td/></tr><tr><td>385670004</td><td>Partially successful (qualifier value)</td><td/></tr></table></li></ul></div>"
  },
  "url": "http://hl7.org/fhir/ValueSet/procedure-outcome",
  "identifier": [
    {
      "system": "urn:ietf:rfc:3986",
      "value": "urn:oid:2.16.840.1.113883.4.642.2.239"
    }
  ],
  "version": "1.7.0",
  "name": "Procedure Outcome Codes (SNOMED CT)",
  "status": "draft",
  "experimental": true,
  "publisher": "FHIR Project team",
  "contact": [
    {
      "telecom": [
        {
          "system": "other",
          "value": "http://hl7.org/fhir"
        }
      ]
    }
  ],
  "date": "2016-10-21T22:27:16+00:00",
  "description": "Procedure Outcome code: A selection of relevant SNOMED CT codes.",
  "copyright": "This value set includes content from SNOMED CT, which is copyright © 2002+ International Health Terminology Standards Development Organisation (IHTSDO), and distributed by agreement between IHTSDO and HL7. Implementer use of SNOMED CT is not covered by this agreement.",
  "compose": {
    "include": [
      {
        "system": "http://snomed.info/sct",
        "concept": [
          {
            "code": "385669000"
          },
          {
            "code": "385671000"
          },
          {
            "code": "385670004"
          }
        ]
      }
    ]
  }
}