{
  "resourceType": "ValueSet",
  "id": "procedure-followup",
  "meta": {
    "lastUpdated": "2016-10-21T22:27:16.566+00:00",
    "profile": [
      "http://hl7.org/fhir/StructureDefinition/valueset-shareable-definition"
    ]
  },
  "text": {
    "status": "generated",
    "div": "<div xmlns=\"http://www.w3.org/1999/xhtml\"><h2>Procedure Follow up Codes (SNOMED CT)</h2><div><p>Procedure follow up codes: a selection of SNOMED CT codes relevant to procedure follow up.</p>\n</div><p><b>Copyright Statement:</b> This value set includes content from SNOMED CT, which is copyright © 2002+ International Health Terminology Standards Development Organisation (IHTSDO), and distributed by agreement between IHTSDO and HL7. Implementer use of SNOMED CT is not covered by this agreement.</p><p>This value set includes codes from the following code systems:</p><ul><li>Include these codes as defined in <a href=\"codesystem-snomedct.html\">http://snomed.info/sct</a><table class=\"none\"><tr><td><b>Code</b></td><td><b>Display</b></td></tr><tr><td>18949003</td><td>Change of dressing (procedure)</td><td/></tr><tr><td>30549001</td><td>Removal of suture (procedure)</td><td/></tr><tr><td>241031001</td><td>Removal of drain (procedure)</td><td/></tr><tr><td>35963001</td><td>Removal of staples (procedure)</td><td/></tr><tr><td>225164002</td><td>Removal of ligature</td><td/></tr><tr><td>447346005</td><td>Cardiopulmonary exercise test (procedure)</td><td/></tr><tr><td>229506003</td><td>Scar tissue massage (regime/therapy)</td><td/></tr><tr><td>274441001</td><td>Suction drainage (procedure)</td><td/></tr><tr><td>394725008</td><td>Diabetes medication review (procedure)</td><td/></tr><tr><td>359825008</td><td>Cytopathology, review of bronchioalveolar lavage specimen (procedure)</td><td/></tr></table></li></ul></div>"
  },
  "url": "http://hl7.org/fhir/ValueSet/procedure-followup",
  "identifier": [
    {
      "system": "urn:ietf:rfc:3986",
      "value": "urn:oid:2.16.840.1.113883.4.642.2.240"
    }
  ],
  "version": "1.7.0",
  "name": "Procedure Follow up Codes (SNOMED CT)",
  "status": "draft",
  "experimental": true,
  "publisher": "FHIR Project team",
  "contact": [
    {
      "telecom": [
        {
          "system": "other",
          "value": "http://hl7.org/fhir"
        }
      ]
    }
  ],
  "date": "2016-10-21T22:27:16+00:00",
  "description": "Procedure follow up codes: a selection of SNOMED CT codes relevant to procedure follow up.",
  "copyright": "This value set includes content from SNOMED CT, which is copyright © 2002+ International Health Terminology Standards Development Organisation (IHTSDO), and distributed by agreement between IHTSDO and HL7. Implementer use of SNOMED CT is not covered by this agreement.",
  "compose": {
    "include": [
      {
        "system": "http://snomed.info/sct",
        "concept": [
          {
            "code": "18949003"
          },
          {
            "code": "30549001"
          },
          {
            "code": "241031001"
          },
          {
            "code": "35963001"
          },
          {
            "code": "225164002"
          },
          {
            "code": "447346005"
          },
          {
            "code": "229506003"
          },
          {
            "code": "274441001"
          },
          {
            "code": "394725008"
          },
          {
            "code": "359825008"
          }
        ]
      }
    ]
  }
}