{
  "resourceType": "ValueSet",
  "id": "testscript-operation-codes",
  "meta": {
    "lastUpdated": "2016-10-21T22:27:16.566+00:00",
    "profile": [
      "http://hl7.org/fhir/StructureDefinition/valueset-shareable-definition"
    ]
  },
  "text": {
    "status": "generated",
    "div": "<div xmlns=\"http://www.w3.org/1999/xhtml\"><h2>TestScriptOperationCode</h2><div><p>This value set defines a set of codes that are used to indicate the supported operations of a testing engine or tool.</p>\n</div><p>This value set includes codes from the following code systems:</p><ul><li>Include all codes defined in <a href=\"codesystem-testscript-operation-codes.html\">http://hl7.org/fhir/testscript-operation-codes</a></li></ul></div>"
  },
  "url": "http://hl7.org/fhir/ValueSet/testscript-operation-codes",
  "identifier": [
    {
      "system": "urn:ietf:rfc:3986",
      "value": "urn:oid:2.16.840.1.113883.4.642.2.898"
    }
  ],
  "version": "1.7.0",
  "name": "TestScriptOperationCode",
  "status": "draft",
  "experimental": true,
  "publisher": "FHIR Project team",
  "contact": [
    {
      "telecom": [
        {
          "system": "other",
          "value": "http://hl7.org/fhir"
        }
      ]
    }
  ],
  "date": "2016-10-21T22:27:16+00:00",
  "description": "This value set defines a set of codes that are used to indicate the supported operations of a testing engine or tool.",
  "compose": {
    "include": [
      {
        "system": "http://hl7.org/fhir/testscript-operation-codes"
      }
    ]
  }
}