{
  "resourceType": "ValueSet",
  "id": "usrealm-birthsex",
  "meta": {
    "lastUpdated": "2016-10-21T22:27:16.566+00:00",
    "profile": [
      "http://hl7.org/fhir/StructureDefinition/valueset-shareable-definition"
    ]
  },
  "text": {
    "status": "generated",
    "div": "<div xmlns=\"http://www.w3.org/1999/xhtml\"><h2>USRealm Birth Sex Value Set</h2><div><p>Codes for assigning sex at birth as specified by the <a href=\"https://www.healthit.gov/newsroom/about-onc\">Office of the National Coordinator for Health IT (ONC)</a></p>\n</div><p>This value set includes codes from the following code systems:</p><ul><li>Include these codes as defined in <a href=\"v3/AdministrativeGender/cs.html\">http://hl7.org/fhir/v3/AdministrativeGender</a><table class=\"none\"><tr><td><b>Code</b></td><td><b>Display</b></td></tr><tr><td>F</td><td>Female</td><td>Female</td></tr><tr><td>M</td><td>Male</td><td>Male</td></tr></table></li><li>Include these codes as defined in <a href=\"v3/NullFlavor/cs.html\">http://hl7.org/fhir/v3/NullFlavor</a><table class=\"none\"><tr><td><b>Code</b></td><td><b>Display</b></td></tr><tr><td>UNK</td><td>Unknown</td><td>Description:A proper value is applicable, but not known.<br/>\n                        \n                           Usage Notes: This means the actual value is not known.  If the only thing that is unknown is how to properly express the value in the necessary constraints (value set, datatype, etc.), then the OTH or UNC flavor should be used.  No properties should be included for a datatype with this property unless:<br/>\n                        \n                           Those properties themselves directly translate to a semantic of &quot;unknown&quot;.  (E.g. a local code sent as a translation that conveys 'unknown')\n                           Those properties further qualify the nature of what is unknown.  (E.g. specifying a use code of &quot;H&quot; and a URL prefix of &quot;tel:&quot; to convey that it is the home phone number that is unknown.)</td></tr></table></li></ul></div>"
  },
  "url": "http://hl7.org/fhir/ValueSet/usrealm-birthsex",
  "identifier": [
    {
      "system": "urn:ietf:rfc:3986",
      "value": "urn:oid:2.16.840.1.113883.4.642.2.1003"
    }
  ],
  "version": "1.6.0",
  "name": "USRealm Birth Sex Value Set",
  "status": "active",
  "experimental": true,
  "publisher": "US Realm Steering Committee",
  "contact": [
    {
      "telecom": [
        {
          "system": "other",
          "value": "http://hl7.org/fhir"
        }
      ]
    }
  ],
  "date": "2016-08-10",
  "description": "Codes for assigning sex at birth as specified by the [Office of the National Coordinator for Health IT (ONC)](https://www.healthit.gov/newsroom/about-onc)",
  "compose": {
    "include": [
      {
        "system": "http://hl7.org/fhir/v3/AdministrativeGender",
        "concept": [
          {
            "code": "F",
            "display": "Female"
          },
          {
            "code": "M",
            "display": "Male"
          }
        ]
      },
      {
        "system": "http://hl7.org/fhir/v3/NullFlavor",
        "concept": [
          {
            "code": "UNK",
            "display": "Unknown"
          }
        ]
      }
    ]
  }
}