{
  "resourceType": "ValueSet",
  "id": "request-stage",
  "meta": {
    "lastUpdated": "2016-10-21T22:27:16.566+00:00",
    "profile": [
      "http://hl7.org/fhir/StructureDefinition/valueset-shareable-definition"
    ]
  },
  "text": {
    "status": "generated",
    "div": "<div xmlns=\"http://www.w3.org/1999/xhtml\"><h2>RequestStage</h2><div><p>Kind of request - proposal, plan or order.</p>\n</div><p>This value set includes codes from the following code systems:</p><ul><li>Include all codes defined in <a href=\"codesystem-request-stage.html\">http://hl7.org/fhir/request-stage</a></li></ul></div>"
  },
  "url": "http://hl7.org/fhir/ValueSet/request-stage",
  "identifier": [
    {
      "system": "urn:ietf:rfc:3986",
      "value": "urn:oid:2.16.840.1.113883.4.642.2.940"
    }
  ],
  "version": "1.7.0",
  "name": "RequestStage",
  "status": "draft",
  "experimental": true,
  "publisher": "Orders and Observations Work Group",
  "contact": [
    {
      "telecom": [
        {
          "system": "other",
          "value": "http://hl7.org/fhir"
        },
        {
          "system": "email",
          "value": "fhir@lists.hl7.org"
        }
      ]
    }
  ],
  "date": "2016-10-21T22:27:16+00:00",
  "description": "Kind of request - proposal, plan or order.",
  "compose": {
    "include": [
      {
        "system": "http://hl7.org/fhir/request-stage"
      }
    ]
  }
}