{
  "resourceType": "ValueSet",
  "id": "audit-event-type",
  "meta": {
    "lastUpdated": "2016-10-21T22:27:16.566+00:00",
    "profile": [
      "http://hl7.org/fhir/StructureDefinition/valueset-shareable-definition"
    ]
  },
  "text": {
    "status": "generated",
    "div": "<div xmlns=\"http://www.w3.org/1999/xhtml\"><h2>Audit Event ID</h2><div><p>Event Types for Audit Events - defined by DICOM with some FHIR specific additions.</p>\n</div><p><b>Copyright Statement:</b> These codes are excerpted from Digital Imaging and Communications in Medicine (DICOM) Standard, Part 16: Content Mapping Resource, Copyright © 2011 by the National Electrical Manufacturers Association.</p><p>This value set includes codes from the following code systems:</p><ul><li>Include these codes as defined in <a href=\"codesystem-dicom-dcim.html\">http://nema.org/dicom/dicm</a><table class=\"none\"><tr><td><b>Code</b></td><td><b>Display</b></td></tr><tr><td>110100</td><td>Application Activity</td><td>Audit event: Application Activity has taken place</td></tr><tr><td>110101</td><td>Audit Log Used</td><td>Audit event: Audit Log has been used</td></tr><tr><td>110102</td><td>Begin Transferring DICOM Instances</td><td>Audit event: Storage of DICOM Instances has begun</td></tr><tr><td>110103</td><td>DICOM Instances Accessed</td><td>Audit event: DICOM Instances have been created, read, updated, or deleted</td></tr><tr><td>110104</td><td>DICOM Instances Transferred</td><td>Audit event: Storage of DICOM Instances has been completed</td></tr><tr><td>110105</td><td>DICOM Study Deleted</td><td>Audit event: Entire Study has been deleted</td></tr><tr><td>110106</td><td>Export</td><td>Audit event: Data has been exported out of the system</td></tr><tr><td>110107</td><td>Import</td><td>Audit event: Data has been imported into the system</td></tr><tr><td>110108</td><td>Network Entry</td><td>Audit event: System has joined or left network</td></tr><tr><td>110109</td><td>Order Record</td><td>Audit event: Order has been created, read, updated or deleted</td></tr><tr><td>110110</td><td>Patient Record</td><td>Audit event: Patient Record has been created, read, updated, or deleted</td></tr><tr><td>110111</td><td>Procedure Record</td><td>Audit event: Procedure Record has been created, read, updated, or deleted</td></tr><tr><td>110112</td><td>Query</td><td>Audit event: Query has been made</td></tr><tr><td>110113</td><td>Security Alert</td><td>Audit event: Security Alert has been raised</td></tr><tr><td>110114</td><td>User Authentication</td><td>Audit event: User Authentication has been attempted</td></tr></table></li><li>Include all codes defined in <a href=\"codesystem-audit-event-type.html\">http://hl7.org/fhir/audit-event-type</a></li></ul></div>"
  },
  "url": "http://hl7.org/fhir/ValueSet/audit-event-type",
  "identifier": [
    {
      "system": "urn:ietf:rfc:3986",
      "value": "urn:oid:2.16.840.1.113883.4.642.2.269"
    }
  ],
  "version": "20150326",
  "name": "Audit Event ID",
  "status": "active",
  "experimental": true,
  "publisher": "NEMA/DICOM",
  "contact": [
    {
      "telecom": [
        {
          "system": "other",
          "value": "http://hl7.org/fhir"
        },
        {
          "system": "email",
          "value": "fhir@lists.hl7.org"
        }
      ]
    }
  ],
  "date": "2015-03-26",
  "description": "Event Types for Audit Events - defined by DICOM with some FHIR specific additions.",
  "copyright": "These codes are excerpted from Digital Imaging and Communications in Medicine (DICOM) Standard, Part 16: Content Mapping Resource, Copyright © 2011 by the National Electrical Manufacturers Association.",
  "compose": {
    "include": [
      {
        "system": "http://nema.org/dicom/dicm",
        "concept": [
          {
            "code": "110100"
          },
          {
            "code": "110101"
          },
          {
            "code": "110102"
          },
          {
            "code": "110103"
          },
          {
            "code": "110104"
          },
          {
            "code": "110105"
          },
          {
            "code": "110106"
          },
          {
            "code": "110107"
          },
          {
            "code": "110108"
          },
          {
            "code": "110109"
          },
          {
            "code": "110110"
          },
          {
            "code": "110111"
          },
          {
            "code": "110112"
          },
          {
            "code": "110113"
          },
          {
            "code": "110114"
          }
        ]
      },
      {
        "system": "http://hl7.org/fhir/audit-event-type"
      }
    ]
  }
}