{
  "resourceType": "ValueSet",
  "id": "benefit-term",
  "meta": {
    "lastUpdated": "2016-10-21T22:27:16.566+00:00",
    "profile": [
      "http://hl7.org/fhir/StructureDefinition/valueset-shareable-definition"
    ]
  },
  "text": {
    "status": "generated",
    "div": "<div xmlns=\"http://www.w3.org/1999/xhtml\"><h2>Benefit Term Codes</h2><div><p>This value set includes a smattering of Benefit Term codes.</p>\n</div><p><b>Copyright Statement:</b> This is an example set.</p><p>This value set includes codes from the following code systems:</p><ul><li>Include all codes defined in <a href=\"codesystem-benefit-term.html\">http://hl7.org/fhir/benefit-term</a></li></ul></div>"
  },
  "url": "http://hl7.org/fhir/ValueSet/benefit-term",
  "identifier": [
    {
      "system": "urn:ietf:rfc:3986",
      "value": "urn:oid:2.16.840.1.113883.4.642.2.486"
    }
  ],
  "version": "1.7.0",
  "name": "Benefit Term Codes",
  "status": "draft",
  "experimental": true,
  "publisher": "Financial Management",
  "contact": [
    {
      "telecom": [
        {
          "system": "other",
          "value": "http://hl7.org/fhir"
        }
      ]
    }
  ],
  "date": "2016-10-21T22:27:16+00:00",
  "description": "This value set includes a smattering of Benefit Term codes.",
  "copyright": "This is an example set.",
  "compose": {
    "include": [
      {
        "system": "http://hl7.org/fhir/benefit-term"
      }
    ]
  }
}