{
  "resourceType": "ValueSet",
  "id": "metric-color",
  "meta": {
    "lastUpdated": "2016-10-21T22:27:16.566+00:00",
    "profile": [
      "http://hl7.org/fhir/StructureDefinition/valueset-shareable-definition"
    ]
  },
  "text": {
    "status": "generated",
    "div": "<div xmlns=\"http://www.w3.org/1999/xhtml\"><h2>DeviceMetricColor</h2><div><p>Describes the typical color of representation.</p>\n</div><p>This value set includes codes from the following code systems:</p><ul><li>Include all codes defined in <a href=\"codesystem-metric-color.html\">http://hl7.org/fhir/metric-color</a></li></ul></div>"
  },
  "url": "http://hl7.org/fhir/ValueSet/metric-color",
  "identifier": [
    {
      "system": "urn:ietf:rfc:3986",
      "value": "urn:oid:2.16.840.1.113883.4.642.2.341"
    }
  ],
  "version": "1.7.0",
  "name": "DeviceMetricColor",
  "status": "draft",
  "experimental": false,
  "publisher": "HL7 (FHIR Project)",
  "contact": [
    {
      "telecom": [
        {
          "system": "other",
          "value": "http://hl7.org/fhir"
        },
        {
          "system": "email",
          "value": "fhir@lists.hl7.org"
        }
      ]
    }
  ],
  "date": "2016-10-21T22:27:16+00:00",
  "description": "Describes the typical color of representation.",
  "compose": {
    "include": [
      {
        "system": "http://hl7.org/fhir/metric-color"
      }
    ]
  }
}